id,first_name,last_name,email,gender,birth_date,city,registration_date
1,Андрей,Игнатов,gedeon2002@example.net,М,1970-12-14,ст. Жиганск,2025-01-19
2,Тамара,Панфилов,samuil_01@example.org,М,1969-02-16,клх Тотьма,2026-01-19
3,Изот,Логинов,ignatevavasilisa@example.org,Ж,1987-07-11,ст. Бугульма,2025-03-07
4,Фома,Комиссаров,elise_17@example.org,М,1973-05-22,г. Кириши,2025-08-26
5,Савелий,Никонов,ignatovartem@example.com,М,1994-11-11,ст. Бреды,2025-08-05
6,Галина,Муравьева,belousovajulija@example.net,М,1995-04-15,г. Нефтеюганск,2024-08-16
7,Соломон,Фомичева,denis2021@example.com,М,1976-07-25,г. Владивосток,2024-09-09
8,Октябрина,Сазонов,filaret08@example.net,М,1971-05-06,д. Североморск,2025-06-08
9,Бронислав,Фокин,abramovagafon@example.org,Ж,1977-02-14,ст. Якутск,2025-02-05
10,Октябрина,Калинин,rosipova@example.net,М,1975-07-09,г. Урюпинск,2025-04-04
11,Федор,Гаврилова,vasilisa69@example.org,М,2004-02-07,клх Павловский Посад,2026-03-24
12,Радим,Голубева,velimirguljaev@example.org,М,1970-04-26,д. Орск,2025-09-01
13,Андрон,Морозова,ksenija_87@example.org,М,2000-09-01,п. Городовиковск,2025-03-17
14,Илья,Муравьев,potapovanikita@example.org,М,2006-06-26,с. Амдерма,2025-04-07
15,Тамара,Афанасьев,viktorija_85@example.org,М,1994-09-20,ст. Сладково,2025-08-21
16,Фадей,Кулакова,platon_2017@example.org,М,2001-11-25,к. Нарым,2024-07-15
17,Селиван,Силина,nikifor_65@example.net,Ж,1973-05-09,г. Новороссийка,2026-05-16
18,Ефрем,Хохлова,maksimovavarvara@example.com,М,1995-05-08,клх Токсово,2024-11-09
19,Жанна,Стрелкова,budimirkudrjashov@example.org,Ж,1967-08-01,д. Златоуст,2025-11-22
20,Владислав,Савина,petrovaraisa@example.com,Ж,1979-05-01,с. Объячево,2025-06-26
21,Елизар,Романов,wkoroleva@example.com,М,1991-03-24,с. Тарко-Сале,2025-05-17
22,Никита,Мухин,raisa1992@example.com,М,1997-12-26,ст. Печенга,2024-11-25
23,Осип,Устинов,popovaljudmila@example.org,Ж,1976-10-04,п. Сузун,2026-03-13
24,Софрон,Фадеев,utihonova@example.com,Ж,1974-06-30,с. Уфа,2025-06-19
25,Игнатий,Орлов,valentin_2019@example.net,Ж,1976-05-22,клх Ачинск,2024-08-20
26,Прокофий,Гаврилова,gkabanov@example.net,М,2005-08-16,с. Джейрах,2024-10-13
27,Ольга,Давыдов,tblinov@example.com,М,1972-03-11,клх Суздаль,2024-10-25
28,Степан,Савин,valentin_2003@example.org,Ж,1999-11-18,п. Черусти,2024-08-16
29,Надежда,Некрасова,kornilovviktorin@example.net,М,1985-10-15,п. Архыз,2024-07-10
30,Прасковья,Игнатов,artemevfeoktist@example.net,М,1979-07-28,к. Рославль,2025-12-07
31,Потап,Попов,nikonovfilimon@example.com,Ж,1980-03-26,с. Балашов,2026-01-11
32,Зосима,Максимова,lora87@example.net,М,1967-07-02,ст. Ивдель,2024-08-22
33,Агафон,Комаров,danilovladislav@example.org,Ж,1984-04-01,г. Медногорск,2025-02-17
34,Савва,Жданов,bespaloviosif@example.net,Ж,1999-05-11,г. Быково (метеост.),2025-02-17
35,Надежда,Хохлов,foka_53@example.com,Ж,1976-06-28,клх Игарка,2025-07-17
36,Ермолай,Федотов,juli99@example.net,М,1984-05-31,к. Воткинск,2025-12-08
37,Исидор,Пахомова,kosipov@example.net,Ж,1988-08-16,п. Пушкин,2025-03-07
38,Ирина,Шашков,sofon2013@example.net,М,1997-12-19,ст. Назрань,2025-01-24
39,Севастьян,Третьякова,adamanisimov@example.org,Ж,1968-12-22,д. Далматово,2024-11-03
40,Марина,Захаров,morozovanatoli@example.org,М,1997-12-09,к. Ульяновск,2025-02-13
41,Александр,Ефремова,svetozar_49@example.org,Ж,1979-08-16,п. Нарьян-Мар,2025-10-12
42,Трофим,Ильина,uljangerasimov@example.org,Ж,1991-04-12,к. Златоуст,2024-10-16
43,Влас,Титов,dementi1988@example.net,М,1977-06-17,клх Охотск,2025-08-11
44,Мефодий,Максимов,pelageja_2004@example.net,М,1974-04-20,п. Минусинск,2026-06-28
45,Гедеон,Мельников,akulina_33@example.org,М,1981-05-28,г. Набережные Челны,2025-01-03
46,Кир,Беляева,antonovterenti@example.com,М,1967-11-29,клх Джейрах,2025-11-15
47,Богдан,Копылова,fortunatkalashnikov@example.net,Ж,1998-07-17,д. Рязань,2025-12-08
48,Мстислав,Селезнев,pelageja_1982@example.com,М,1984-02-09,с. Нальчик,2026-03-21
49,Вышеслав,Панфилов,georgi61@example.net,М,2003-06-18,клх Рыбинск,2025-06-11
50,Денис,Евсеева,tit_1998@example.org,М,1977-11-16,п. Поярково,2026-01-03
51,Геннадий,Бобылев,ipat66@example.org,Ж,1991-05-21,п. Холмогоры,2026-05-07
52,Алексей,Меркушева,marina_1972@example.com,Ж,2006-08-07,ст. Диксон,2025-12-22
53,Вышеслав,Калашникова,arefieliseev@example.org,Ж,1990-05-07,г. Уварово,2025-05-13
54,Лидия,Данилов,denisovandre@example.net,Ж,1980-07-02,п. Певек,2025-08-26
55,Андроник,Абрамов,vsevolod_1973@example.org,М,1994-01-15,с. Бомнак,2025-12-11
56,Антип,Карпова,kulaginegor@example.net,Ж,1994-04-05,г. Усть-Кут,2024-12-11
57,Клавдий,Захарова,turovamarina@example.com,Ж,2005-01-06,с. Улан-Удэ,2025-01-24
58,Эмилия,Тетерин,nikodim_38@example.com,М,1991-05-30,п. Пинега,2025-09-26
59,Митофан,Артемьев,epifan_2017@example.org,Ж,1989-07-04,п. Богучар,2026-01-23
60,Богдан,Муравьев,rostislav_93@example.org,М,1996-02-04,к. Бугуруслан,2025-05-23
61,Петр,Крылова,gsidorova@example.com,М,1984-12-01,к. Можга,2025-07-23
62,Бажен,Ермаков,yvasileva@example.com,М,1996-07-18,д. Буйнакск,2024-08-26
63,Владимир,Наумов,rmelnikova@example.org,М,1988-03-01,клх Неплюевка,2026-05-22
64,Захар,Юдин,vsemil_2004@example.net,Ж,1979-01-16,с. Александровск-Сахалинский,2024-12-08
65,Велимир,Комиссарова,ekaterina1997@example.com,Ж,1968-05-01,ст. Карабулак,2025-11-23
66,Адриан,Бобров,jnaumova@example.net,Ж,2006-06-15,ст. Баргузин,2024-12-07
67,Мечислав,Зуева,konovalovkarl@example.org,М,1984-09-25,ст. Белорецк,2026-05-31
68,Панфил,Дементьев,pankrat_18@example.net,Ж,1985-12-16,с. Павловская,2025-12-23
69,Панкратий,Щукин,nikolaevgerman@example.org,М,1981-01-21,ст. Екатеринбург,2025-07-19
70,Устин,Нестеров,elizar_1992@example.com,М,1997-08-15,п. Нязепетровск,2024-07-29
71,Степан,Савельев,kondrat24@example.com,М,1984-11-08,ст. Андреаполь,2025-12-05
72,Герман,Котов,klavdija_1975@example.net,Ж,1982-08-20,п. Кудымкар,2025-02-04
73,Куприян,Блохин,svetlana_1972@example.com,Ж,2004-10-07,с. Калуга,2024-11-11
74,Мария,Мамонтов,fomichevanani@example.com,Ж,1991-12-07,г. Шуя,2026-05-06
75,Федот,Гущина,jaropolk2007@example.org,М,2001-10-21,клх Яхрома,2025-01-01
76,Маргарита,Брагин,grigori2016@example.net,М,1969-04-13,с. Прохладный,2025-09-21
77,Анатолий,Сысоев,bazhen_1991@example.com,Ж,1983-05-27,с. Мценск,2026-04-16
78,Ким,Белова,moise_2001@example.net,М,1990-08-23,клх Добрянка,2025-08-24
79,Радим,Брагина,visheslavsidorov@example.com,Ж,1993-12-25,ст. Санкт-Петербург,2026-01-22
80,Семен,Давыдов,dobromisl48@example.com,Ж,1995-05-31,с. Сыктывкар,2025-09-03
81,Август,Антонов,zaharovaklavdija@example.com,Ж,1998-04-23,г. Серов,2024-11-30
82,Рюрик,Ермаков,kostintimur@example.net,М,1968-01-22,ст. Тымовское,2026-02-08
83,Дементий,Наумова,eduard1984@example.com,Ж,1978-04-10,п. Пышма,2025-11-06
84,Орест,Молчанов,maksim_1983@example.com,М,1967-05-07,д. Сарапул,2025-09-06
85,Мир,Брагина,ernest2021@example.org,М,2004-08-27,клх Кяхта,2025-03-18
86,Добромысл,Дроздов,gorbachevafevronija@example.com,Ж,1986-11-17,с. Ершов,2024-08-29
87,Лора,Орлова,arkadi_2019@example.org,Ж,1978-04-09,г. Витим,2026-01-11
88,Софон,Щербаков,viktorija_41@example.org,Ж,1982-08-14,п. Крымск,2025-11-17
89,Сергей,Капустин,grigori2004@example.net,Ж,1992-11-27,ст. Каневская,2026-02-04
90,Екатерина,Муравьев,emmanuil12@example.org,М,1985-12-13,ст. Крымск,2024-07-24
91,Милий,Ларионова,krjukovsolomon@example.net,М,1990-12-30,к. Ряжск,2024-11-21
92,Ростислав,Владимирова,maslovvatslav@example.org,Ж,1972-12-10,к. Верещагино (Перм.),2025-08-29
93,Лукьян,Афанасьев,wfilippov@example.com,М,1993-09-30,к. Озеры,2026-01-07
94,Зоя,Волков,jakusheverofe@example.com,М,1983-08-28,г. Ноглики,2025-08-04
95,Куприян,Ситников,lebedevdenis@example.com,М,1983-01-23,клх Губаха,2025-02-11
96,Артемий,Миронова,nikita1981@example.com,М,1988-05-07,клх Чусовой,2025-02-27
97,Ульяна,Ефремов,maksimiljan02@example.net,М,1990-05-26,ст. Киров (Вятка),2026-05-30
98,Тит,Терентьев,dblohina@example.org,Ж,1986-08-14,п. Усмань,2024-10-31
99,Алина,Одинцова,oleg1996@example.net,М,1986-09-21,ст. Стрежевой,2024-12-30
100,Матвей,Дементьев,sidorlarionov@example.org,Ж,1969-08-22,ст. Белый Яр (Томск.),2024-08-30
101,Фома,Кулакова,lihachevaanastasija@example.org,Ж,1975-09-30,с. Троицк (Моск.),2026-02-20
102,Артем,Лукина,gremislav_2024@example.org,Ж,1975-05-16,г. Баксан,2024-12-07
103,Леонид,Соколова,porfiri_20@example.com,Ж,1992-08-11,г. Вологда,2025-04-05
104,Эммануил,Ершов,panovvelimir@example.net,М,2001-01-23,к. Орел,2024-09-02
105,Климент,Котова,afanasigromov@example.org,М,1986-04-04,п. Плес,2025-09-03
106,Евфросиния,Дмитриева,ndoronin@example.com,Ж,1974-06-20,д. Ялуторовск,2024-07-21
107,Амвросий,Суханов,bolshakovalukija@example.org,Ж,2005-03-03,ст. Нурлат,2026-01-20
108,Анжела,Жукова,bribakov@example.net,М,2007-09-08,ст. Ачинск,2024-08-04
109,Феофан,Аксенова,nikitatretjakov@example.org,Ж,1991-01-01,клх Яр-Сале,2025-08-30
110,Милий,Носкова,elise99@example.org,Ж,2007-12-19,к. Кемерово,2025-02-01
111,Евстигней,Виноградов,kudrjavtsevaanzhelika@example.net,М,1969-03-11,п. Курильск,2024-09-13
112,Феврония,Пестов,sergeevalidija@example.com,Ж,1995-09-29,д. Нефедова,2025-01-06
113,Тарас,Романов,panfil1995@example.net,М,1972-09-07,ст. Каменномостский,2024-09-21
114,Ираида,Ершов,arhip27@example.org,Ж,1974-11-10,с. Пенза,2025-11-09
115,Лариса,Антонова,haritonseliverstov@example.net,М,1992-09-04,г. Пятигорск,2025-10-16
116,Ферапонт,Евсеева,stepan49@example.org,М,1996-09-16,с. Усть-Камчатск,2026-05-18
117,Амос,Фадеев,azari2016@example.net,Ж,2007-06-15,с. Ивдель,2026-05-22
118,Осип,Козлова,abramovlukjan@example.org,М,2000-06-10,с. Томпа,2025-07-22
119,Ратибор,Богданов,ratiborseleznev@example.net,М,1975-07-22,г. Петушки,2024-07-28
120,Глафира,Крылов,ignati_2002@example.net,Ж,1968-03-04,г. Витим,2026-05-21
121,Игорь,Буров,andre12@example.net,М,1991-12-27,д. Камень-на-Оби,2026-05-13
122,Аким,Носова,evdokim_52@example.org,М,1990-07-23,д. Соболево,2024-11-25
123,Будимир,Кузнецова,vorobevporfiri@example.com,Ж,1996-12-19,г. Магадан,2025-03-21
124,Ираклий,Петров,nesterovvsemil@example.net,Ж,1997-03-28,п. Тулун,2025-01-09
125,Аполлинарий,Шаров,nikola_43@example.net,М,1966-10-20,ст. Когалым,2026-03-18
126,Демид,Баранова,larionovjuli@example.com,М,1988-06-30,клх Владивосток,2024-07-23
127,Михаил,Ларионов,prohorovspiridon@example.net,Ж,2000-12-25,д. Снежногорск (Мурм.),2025-08-29
128,Галактион,Кудрявцев,erofe_2026@example.org,Ж,1977-12-08,к. Оренбург,2024-09-17
129,Вячеслав,Гаврилова,lora_30@example.com,М,2003-12-29,к. Морозовск,2024-08-21
130,Ратмир,Кузьмина,tguljaeva@example.net,М,1999-01-13,ст. Усть-Камчатск,2025-09-16
131,Доброслав,Колесников,ladislav17@example.net,М,1991-10-13,к. Клин,2025-09-01
132,Пантелеймон,Евсеева,prov23@example.com,М,1974-11-19,клх Поярково,2024-08-13
133,Богдан,Агафонов,nikon_32@example.net,М,1975-10-15,г. Тамбов,2024-10-18
134,Ефрем,Трофимова,seliverstavdeev@example.org,Ж,1967-07-15,д. Советский,2026-01-12
135,Федот,Одинцов,alevtina00@example.org,М,1998-12-29,ст. Магадан,2026-01-18
136,Святополк,Журавлева,zhanna12@example.org,М,2007-09-02,с. Якутск,2026-04-29
137,Трифон,Наумов,elena76@example.com,М,1990-08-20,п. Шереметьево,2024-11-07
138,Герман,Тихонова,semen_2010@example.org,Ж,1995-10-17,к. Южно-Курильск,2025-05-05
139,Никандр,Пономарев,evdokimovalekse@example.com,М,2008-01-11,д. Тобольск,2026-06-23
140,Евфросиния,Федоров,fdrozdova@example.com,Ж,1985-06-17,клх Балашиха,2025-04-09
141,Осип,Яковлева,dmitrievaviktorija@example.net,Ж,1990-10-08,п. Мичуринск,2025-07-12
142,Севастьян,Егорова,kapitonbelousov@example.org,М,1968-02-29,п. Бугульма,2026-02-27
143,Остап,Гордеева,qsemenov@example.net,М,2006-03-11,клх Аша,2024-11-29
144,Ия,Большакова,belozerovaalina@example.org,Ж,1967-10-25,г. Черский,2026-05-01
145,Агафон,Трофимов,anastasija_2002@example.net,Ж,1985-11-03,с. Мокшан,2025-06-21
146,Анатолий,Ермаков,zatsevaevpraksija@example.net,Ж,2007-07-31,д. Кетченеры,2026-01-10
147,Наталья,Веселова,larisa83@example.net,Ж,1973-03-09,п. Лабинск,2025-02-17
148,Афанасий,Сорокин,zuevizot@example.net,Ж,1992-05-07,с. Теберда,2025-05-08
149,Евдоким,Горшкова,nadezhda1971@example.net,М,1999-07-17,п. Усть-Илимск,2026-01-20
150,Наркис,Комиссаров,mstislavaleksandrov@example.net,М,2007-02-23,п. Каргасок,2025-11-02
151,Любосмысл,Сысоев,vitali01@example.net,М,1995-09-23,клх Мценск,2025-09-29
152,Ермил,Рябова,antipsidorov@example.net,М,1993-02-05,с. Сорочинск,2025-05-19
153,Юлия,Казаков,sergezhuravlev@example.net,Ж,2003-05-02,клх Челябинск,2025-03-21
154,Аполлинарий,Гурьев,golubevaivanna@example.com,М,1984-04-12,к. Нижнеудинск,2025-06-10
155,Лариса,Стрелкова,prokl1995@example.org,М,1979-05-26,п. Нефтеюганск,2026-04-17
156,Гаврила,Орехов,modest93@example.org,М,1986-04-04,к. Салават,2025-06-02
157,Силантий,Емельянова,kuprijan1982@example.net,М,1978-05-04,п. Магнитогорск,2025-03-10
158,Антип,Никифорова,npanov@example.net,М,1994-08-31,д. Алапаевск,2025-12-13
159,Кузьма,Дроздова,varfolomejakovlev@example.net,М,2006-03-24,к. Тосно,2024-11-20
160,Леонид,Емельянов,svetlana_51@example.org,М,1977-07-13,к. Кижи,2026-01-03
161,Агата,Лаврентьева,sobolevagafon@example.com,М,1982-01-28,п. Быково (метеост.),2025-06-05
162,Ратмир,Щукина,darja_91@example.org,М,2007-11-02,п. Истра,2025-04-08
163,Тимофей,Поляков,igorsuhanov@example.org,Ж,1973-02-26,с. Майкоп,2024-10-19
164,Агафон,Васильева,ermola_71@example.org,М,1976-05-05,д. Омск,2025-04-29
165,Ярослав,Фадеева,panovanatalja@example.net,М,1997-09-27,клх Середниково,2025-02-25
166,Зоя,Куликова,porfiri2024@example.com,Ж,1985-09-05,к. Елабуга,2025-11-15
167,Ефим,Беспалова,anikita60@example.net,Ж,1982-02-20,ст. Тобольск,2026-05-09
168,Мирон,Никонова,evgenikudrjashov@example.com,М,1992-01-27,г. Краснотурьинск,2026-03-11
169,Ипполит,Герасимова,jaroslav1971@example.org,М,1991-03-05,с. Дубна,2026-02-22
170,Антип,Архипов,kiselevnazar@example.net,Ж,1996-05-18,клх Теберда,2024-07-13
171,Милий,Носков,pimenvlasov@example.com,М,1995-09-21,д. Великий Устюг,2025-03-20
172,Панкрат,Тарасов,galkinairaida@example.net,Ж,1993-02-06,с. Воскресенск,2024-12-04
173,Эмилия,Тимофеев,anikitapopov@example.net,Ж,1969-04-20,с. Орск,2025-02-04
174,Раиса,Галкина,iosif_2022@example.org,М,1968-01-24,г. Новокузнецк,2026-04-15
175,Фортунат,Логинов,tsvetkovazhanna@example.com,М,2007-10-18,с. Саров (Морд.),2025-08-31
176,Назар,Гордеева,zmatveev@example.com,М,1981-11-15,г. Снежногорск (Мурм.),2024-09-01
177,Александр,Вишняков,kazakovanatalja@example.org,Ж,2001-01-15,п. Бронницы,2025-07-30
178,Ульяна,Шарова,ribakovalarisa@example.net,Ж,1982-03-07,клх Кизел,2026-01-06
179,Елена,Никифорова,platondjachkov@example.net,Ж,1994-01-28,с. Каргополь,2024-10-14
180,Венедикт,Носова,popovefrem@example.net,Ж,1994-08-12,ст. Егорьевск,2025-08-12
181,Герман,Блохина,filaretgusev@example.net,Ж,1996-03-31,к. Меренга,2026-06-26
182,Гурий,Ситникова,valentina_1998@example.com,М,1972-03-16,клх Теберда,2025-04-16
183,Милован,Рябова,antonina58@example.com,М,2004-01-19,к. Карпинск,2025-02-14
184,Майя,Тимофеев,filippovaeleonora@example.com,М,1977-02-18,клх Кизилюрт,2025-08-03
185,Тит,Беспалов,danilaveselov@example.com,Ж,1996-08-09,к. Оса,2026-07-04
186,Евстафий,Данилова,fedot2004@example.com,Ж,1994-09-09,клх Нефтекамск,2025-05-09
187,Аверкий,Бобылев,agafonovasofija@example.com,М,2000-03-04,п. Тутаев,2025-11-16
188,Гаврила,Устинов,kazakovizjaslav@example.com,М,1972-01-20,клх Новый Уренгой,2025-09-29
189,Игорь,Зуева,ivanna1976@example.com,М,1973-02-25,ст. Тобольск,2024-11-07
190,Валентин,Назарова,vseslav2010@example.com,М,1988-02-20,ст. Кисловодск,2026-07-02
191,Кир,Корнилова,kalashnikovvaleri@example.net,Ж,1980-06-28,клх Хасан,2024-11-10
192,Вениамин,Журавлев,savva_04@example.org,М,2002-09-29,ст. Нефедова,2025-11-23
193,Аполлинарий,Бирюкова,lzinoveva@example.net,Ж,1989-04-18,д. Рославль,2024-08-16
194,Лазарь,Владимирова,kuznetsovafinogen@example.org,М,1974-08-20,с. Урай,2025-08-03
195,Никанор,Соколов,feofanpetuhov@example.org,Ж,1991-07-25,п. Яхрома,2026-02-24
196,Леонид,Александров,viktorin24@example.net,Ж,1990-08-08,с. Ухта,2026-06-21
197,Тит,Турова,boleslav1971@example.com,М,1969-02-14,клх Брянск,2024-12-17
198,Таисия,Козлова,marina2025@example.net,М,1967-08-17,д. Подольск,2026-05-19
199,Светозар,Наумова,pimen30@example.com,Ж,2006-03-31,ст. Красноселькуп,2026-03-26
200,Роман,Лукин,kolobovegor@example.com,М,1997-02-19,ст. Курильск,2026-02-13
201,Измаил,Мясников,alekse1971@example.com,М,1989-08-09,д. Клин,2025-08-20
202,Кондрат,Гущина,muravevsevastjan@example.com,М,1979-02-27,п. Екатеринбург,2026-02-07
203,Анна,Филатова,filatovvladlen@example.net,М,1972-07-30,п. Хасан,2024-08-05
204,Никодим,Князева,ekrasilnikova@example.net,М,1973-06-08,к. Шенкурск,2025-02-14
205,Герасим,Казаков,popovaantonina@example.net,М,1981-03-03,ст. Мирный,2025-07-11
206,Наум,Дроздов,florentinlobanov@example.org,Ж,1972-10-16,к. Верхний Уфалей,2025-01-06
207,Софон,Морозов,litkinljubim@example.net,Ж,1972-10-12,д. Брянск,2024-10-29
208,Ирина,Доронина,velimirisaev@example.org,Ж,1993-08-31,г. Великий Устюг,2025-01-31
209,Оксана,Галкин,foma_1991@example.net,М,1976-05-28,д. Обоянь,2025-01-15
210,Андроник,Евдокимова,epifan_11@example.net,Ж,2006-02-12,с. Луга,2024-07-16
211,Александра,Журавлев,alekse2004@example.com,М,1969-12-09,к. Тихорецк,2026-07-03
212,Ладимир,Лукин,samsonshestakov@example.com,М,1997-11-20,к. Павловская,2025-08-17
213,Николай,Дмитриева,fadeevsvetozar@example.com,Ж,1988-10-21,д. Адлер,2025-04-27
214,Каллистрат,Елисеев,karl03@example.com,М,1973-10-07,ст. Троицко-Печорск,2024-10-23
215,Клавдий,Носкова,ippolitkonstantinov@example.net,Ж,1989-08-27,г. Апатиты,2025-05-07
216,Андрей,Бирюков,polina_25@example.com,Ж,1997-08-27,клх Каргасок,2026-05-08
217,Илья,Ситникова,varfolome_2001@example.com,Ж,1977-02-19,п. Оленегорск (Якут.),2024-12-17
218,Иван,Власова,lihachevaagafja@example.com,Ж,1995-07-29,д. Бирск,2025-07-12
219,Дарья,Ларионов,kirill97@example.com,Ж,1997-10-23,п. Петухово,2025-06-29
220,Демид,Петров,gleb_62@example.net,Ж,1998-01-22,с. Учалы,2025-11-08
221,Октябрина,Зиновьев,vishnjakovmilan@example.org,М,2000-10-20,г. Билибино,2025-12-26
222,Автоном,Устинов,kudrjavtsevaangelina@example.com,М,2006-01-09,г. Оленек,2024-10-02
223,Петр,Кудрявцев,skononov@example.net,Ж,1971-08-31,клх Новороссийка,2026-02-17
224,Бажен,Кулагин,alekseandreev@example.org,М,1987-09-30,д. Сухиничи,2025-03-27
225,Андрей,Белоусов,nifontribakov@example.net,М,1977-06-30,г. Нижнеудинск,2026-03-16
226,Демид,Уварова,eblohin@example.org,М,1978-06-05,ст. Тулун,2025-09-07
227,Герман,Ситникова,jnekrasova@example.org,Ж,1979-11-30,к. Ивдель,2024-07-07
228,Ангелина,Шубина,feofan12@example.com,М,1974-08-26,д. Карабулак,2025-07-24
229,Пантелеймон,Артемьева,adam2025@example.net,М,1981-11-19,к. Джейрах,2025-08-19
230,Анастасия,Блинов,eduard1982@example.com,Ж,1992-07-01,к. Дубна,2025-09-12
231,Акулина,Зимина,mshirjaeva@example.com,М,2000-11-22,клх Сальск,2025-08-07
232,Вера,Калашников,beljakovaagata@example.net,М,2003-10-05,с. Пушкинские Горы,2026-02-04
233,Леонтий,Борисов,uljana_61@example.org,М,1971-11-02,с. Уварово,2026-02-26
234,Емельян,Дементьев,kalashnikovfoma@example.com,М,1967-01-17,д. Белый Яр (Томск.),2024-10-15
235,Август,Емельянова,fade1982@example.net,М,1972-08-18,п. Соликамск,2026-05-12
236,Елена,Полякова,polikarp_2015@example.com,М,1970-09-26,ст. Аршан (Бурят.),2025-04-11
237,Елизар,Макаров,viktor81@example.net,М,1986-10-19,ст. Югорск,2025-11-23
238,Аверкий,Бирюков,lidija_63@example.org,Ж,1982-07-11,п. Южно-Сахалинск,2025-02-10
239,Вацлав,Щербаков,ernest1987@example.net,М,1972-05-17,г. Аргаяш,2024-09-14
240,Каллистрат,Селезнева,ostromir28@example.net,М,2000-07-29,п. Юрьев-Польский,2026-02-11
241,Аникита,Стрелкова,vshirjaeva@example.com,М,1972-10-09,ст. Карабудахкент,2024-07-23
242,Леон,Кошелев,silinanatoli@example.org,М,1990-11-01,с. Канск,2025-08-06
243,Фирс,Белова,naina_2018@example.com,Ж,1993-01-06,д. Ейск,2025-03-01
244,Гордей,Юдина,sidorovsilvestr@example.com,Ж,1992-09-15,с. Нижнеудинск,2025-06-09
245,Екатерина,Самойлова,sigizmund_2017@example.org,Ж,1994-10-05,клх Кижи,2024-12-15
246,Авдей,Денисов,konon_2001@example.org,М,2001-09-12,ст. Тулун,2026-06-17
247,Антонина,Филатова,sharovaoktjabrina@example.org,Ж,1976-01-14,г. Новороссийка,2025-05-19
248,Еремей,Никонова,judinasinklitikija@example.net,М,1986-02-19,к. Котлас,2024-09-07
249,Никон,Куликов,markovavksenti@example.net,Ж,1968-07-01,д. Нефтекамск,2024-07-20
250,Таисия,Дорофеев,agap_1989@example.net,Ж,1969-02-03,д. Тикси,2024-10-18
251,Матвей,Миронов,zahar_09@example.com,М,1989-01-10,п. Асбест,2026-04-24
252,Автоном,Федоров,matve1970@example.org,Ж,1997-11-21,клх Эльбрус,2025-04-14
253,Никон,Федорова,rodion_1979@example.net,Ж,1985-03-05,клх Амдерма,2025-08-19
254,Анжелика,Емельянов,kotovboleslav@example.net,Ж,1982-09-06,п. Дзержинск,2025-04-25
255,Гостомысл,Турова,denisovantip@example.com,М,2004-02-18,с. Тихвин,2024-10-02
256,Регина,Ларионов,molchanovviktorin@example.net,М,1984-12-29,к. Киренск,2026-06-14
257,Радислав,Дмитриева,lobanovanaina@example.org,Ж,1996-03-22,клх Мезень,2024-07-17
258,Феофан,Ефремова,fedotovkarl@example.org,М,1967-07-13,п. Шенкурск,2025-08-16
259,Раиса,Белоусова,ermil_1978@example.org,М,1994-03-21,п. Снежногорск (Мурм.),2026-06-26
260,Екатерина,Павлова,mironovernest@example.com,М,1990-08-16,г. Тулун,2026-03-19
261,Терентий,Дементьева,militsa_1999@example.net,Ж,1990-09-08,к. Шатки,2025-09-15
262,Максимильян,Тарасова,miron_00@example.org,М,1986-06-28,п. Новосибирск,2026-04-21
263,Борислав,Федоров,danilasemenov@example.org,Ж,1969-10-21,п. Лагань,2025-10-28
264,Вениамин,Евсеева,ljudmila80@example.org,М,1971-07-09,ст. Ульяновск,2025-06-03
265,Никандр,Носкова,anatolikolobov@example.net,М,2003-03-06,с. Кабанск,2026-01-25
266,Галактион,Соловьев,egordeev@example.net,Ж,1982-03-26,п. Неплюевка,2025-05-30
267,Христофор,Лебедева,fedor49@example.net,Ж,1985-05-21,с. Соликамск,2025-07-06
268,Станислав,Сафонова,uvorontsova@example.org,М,1967-11-05,д. Кинешма,2025-09-14
269,Ираклий,Елисеев,beljaevaglafira@example.org,Ж,1973-03-05,ст. Братск,2024-07-15
270,Климент,Капустина,tverdislav_2012@example.org,Ж,1982-12-03,к. Теберда,2025-11-23
271,Орест,Лихачев,belousovmir@example.org,М,2004-11-06,клх Калуга,2025-09-08
272,Гордей,Григорьев,eleonora1980@example.net,Ж,2004-06-20,д. Вытегра,2025-01-25
273,Корнил,Третьяков,fokinaksenija@example.com,М,1992-11-04,г. Нальчик,2025-08-24
274,Ипполит,Шарапова,makarovsemen@example.com,М,2003-08-11,г. Радужный,2025-03-10
275,Архип,Турова,mjasnikovstojan@example.com,Ж,1972-08-28,д. Хатанга,2024-10-16
276,Константин,Кошелев,kirfedoseev@example.org,М,1974-07-10,к. Внуково (метеост.),2025-05-23
277,Лука,Кошелева,tretjakovgerman@example.com,М,1966-10-06,г. Кулунда,2025-06-28
278,Василиса,Волков,stanislavvoronov@example.net,М,1978-05-10,клх Александровск-Сахалинский,2026-03-25
279,Нифонт,Сысоев,matve_93@example.org,Ж,1999-06-15,ст. Оймякон,2026-05-04
280,Дорофей,Сазонов,gkuzmin@example.net,Ж,1993-06-06,с. Нарым,2025-04-27
281,Наталья,Самсонов,nikodim_81@example.com,М,2007-08-09,с. Шадринск,2024-10-05
282,Амос,Колобов,agafonovnestor@example.com,Ж,2007-04-25,г. Алексин,2025-01-18
283,Андрей,Степанов,vladilen1982@example.org,М,2002-11-10,клх Камышлов,2025-05-20
284,Карл,Романова,taras1975@example.net,Ж,1987-09-23,г. Люберцы,2024-08-26
285,Вадим,Мясникова,sergeevapolina@example.net,Ж,2002-12-24,к. Усть-Камчатск,2025-09-06
286,Платон,Гущина,mironovradim@example.org,Ж,1985-07-25,п. Миасс,2025-04-17
287,Мария,Галкина,grishinaanastasija@example.net,М,1977-10-11,ст. Черемхово,2025-05-07
288,Эрнест,Рогов,kondratevaoktjabrina@example.net,М,1969-07-28,с. Бомнак,2025-09-26
289,Татьяна,Ситникова,antonina_31@example.org,Ж,1976-11-18,клх Находка,2025-04-10
290,Ратмир,Лукина,veniamingromov@example.net,Ж,1985-07-13,ст. Александровск-Сахалинский,2024-10-16
291,Савватий,Борисова,blohinkirill@example.org,М,2008-01-08,г. Усть-Кулом,2025-01-07
292,Милица,Савина,vjacheslav_2017@example.org,М,1993-06-16,клх Луховицы,2024-07-25
293,Андрей,Маслова,nikanor_67@example.org,Ж,1983-09-01,с. Яшалта,2025-02-11
294,Лариса,Вишнякова,shirjaevaregina@example.com,М,2000-08-09,с. Лодейное Поле,2024-11-06
295,Тамара,Денисов,belousovaviktorija@example.org,Ж,1981-07-01,г. Челябинск,2025-08-14
296,Синклитикия,Котов,hohlovafinogen@example.net,М,1984-03-20,клх Бугульма,2026-04-15
297,София,Михайлов,maksimiljanavdeev@example.com,Ж,2007-07-21,г. Магнитогорск,2025-07-10
298,Анна,Игнатов,xpahomova@example.com,Ж,1983-10-22,клх Далматово,2025-12-13
299,Болеслав,Алексеев,mishinvladilen@example.org,М,2007-01-09,к. Добрянка,2025-04-25
300,Пелагея,Максимов,tihon_1981@example.net,М,1989-08-12,с. Абинск,2025-02-09
301,Леонид,Михайлов,ljubim75@example.net,М,2006-01-28,клх Териберка,2025-08-24
302,Алина,Денисова,lukjan1980@example.org,М,1969-07-02,с. Черусти,2024-08-28
303,Спиридон,Исаева,gedeon1977@example.org,М,1978-01-15,д. Белорецк,2025-03-30
304,Лонгин,Белоусова,tamara03@example.com,Ж,1991-03-27,к. Подольск,2025-07-30
305,Евстафий,Хохлова,kopilovonufri@example.net,М,1983-11-10,ст. Южно-Курильск,2025-08-30
306,Парфен,Гурьева,ostromir2013@example.com,Ж,1988-04-22,к. Катав-Ивановск,2025-11-18
307,Радим,Игнатов,oksana2008@example.net,М,2000-09-16,к. Можга,2026-06-28
308,Трофим,Федотова,naina_1973@example.net,М,1989-11-09,г. Тура,2025-06-14
309,Еремей,Баранова,ippolit23@example.net,Ж,1971-03-29,с. Россошь,2025-01-27
310,Аникей,Стрелкова,feoktist_45@example.com,Ж,1969-09-01,п. Орехово-Зуево,2026-04-01
311,Аникей,Красильникова,erofe09@example.net,М,2002-11-17,п. Белорецк,2025-09-23
312,Фирс,Власова,maksimovnarkis@example.net,Ж,2000-04-21,п. Ряжск,2025-12-28
313,Алина,Анисимова,ovchinnikovdemjan@example.org,М,1983-04-05,г. Мыс Шмидта,2025-03-27
314,Измаил,Суворова,martinbirjukov@example.org,М,1971-02-08,к. Данков,2025-09-08
315,Варфоломей,Анисимова,dobroslavzhdanov@example.com,М,1991-05-22,клх Ряжск,2025-06-16
316,Матвей,Жданова,erofeevseev@example.com,Ж,2005-06-14,д. Омск,2024-09-10
317,Евграф,Мухин,shilovfoka@example.com,Ж,2006-10-06,п. Чебаркуль,2024-12-18
318,Гремислав,Евсеев,markovleonti@example.net,М,1981-02-13,п. Саратов,2024-08-18
319,Амос,Исакова,ilarionvasilev@example.org,М,1983-10-11,г. Елатьма,2025-01-04
320,Фотий,Киселева,viktor1985@example.com,М,2003-01-27,клх Анива,2026-04-10
321,Герасим,Анисимов,ovchinnikovsavvati@example.com,М,1973-10-23,ст. Апрелевка,2026-06-07
322,Алла,Калашников,ilarion1989@example.net,Ж,1991-11-01,г. Шадринск,2026-06-12
323,Парфен,Потапова,kotovamarfa@example.net,М,1991-12-14,п. Междуреченский,2025-05-23
324,Амвросий,Макарова,fokinvalerjan@example.org,М,1991-08-07,с. Ельня,2025-08-11
325,Алина,Шашкова,egormishin@example.net,Ж,2000-03-07,к. Дудинка,2025-10-19
326,Панкрат,Новикова,nikonovlukjan@example.com,Ж,1982-06-01,с. Туруханск,2026-02-20
327,Владлен,Селезнев,bevdokimov@example.net,М,2006-05-25,клх Кропоткин (Краснод.),2025-02-09
328,Евлампий,Филиппов,cheslav_45@example.net,Ж,1979-07-19,ст. Белореченск,2025-09-12
329,Касьян,Исаев,vasilisa_73@example.net,М,1988-04-16,п. Череповец,2025-01-04
330,Григорий,Александров,erast91@example.net,М,1969-12-06,г. Вологда,2026-02-15
331,Галактион,Панов,lavrenti_07@example.net,Ж,1991-02-13,д. Мончегорск,2025-10-07
332,Ерофей,Кошелева,orlovamargarita@example.org,М,1971-09-08,к. Алапаевск,2024-10-04
333,Арефий,Власов,ymaslova@example.com,Ж,2005-07-14,д. Дудинка,2025-01-26
334,Клавдия,Русакова,simonovmatve@example.org,М,1995-11-04,д. Красная Поляна,2025-03-12
335,Арефий,Иванов,filipp2012@example.net,М,2003-03-19,клх Славгород,2025-01-11
336,Валерия,Зиновьев,varlaam2015@example.org,Ж,1980-05-08,клх Псков,2026-05-03
337,Иосиф,Крюков,rodionovgostomisl@example.com,Ж,1992-11-09,к. Печора,2024-12-01
338,Элеонора,Кулагина,boleslav_1990@example.com,Ж,1982-01-15,ст. Самара,2025-07-04
339,Филарет,Михайлова,georgi1976@example.org,М,1993-10-09,д. Октябрьское (Челяб.),2025-01-02
340,Алексей,Воробьева,vsevolod_1996@example.net,М,1982-10-17,к. Вуктыл,2025-03-28
341,Руслан,Кириллова,ziminmihe@example.org,М,1984-06-12,к. Горячий Ключ,2025-01-21
342,Кир,Меркушева,sromanov@example.com,М,1967-02-10,клх Вилюйск,2025-09-16
343,Евпраксия,Сидорова,borisovanani@example.org,Ж,1997-01-14,г. Ясный (Оренб.),2026-02-24
344,Корнил,Туров,olegkopilov@example.org,Ж,1980-06-04,п. Канск,2024-08-28
345,Владислав,Щербакова,julija69@example.net,Ж,1988-06-08,д. Усмань,2025-07-22
346,Анна,Абрамова,tkononov@example.org,М,1996-03-28,п. Йошкар-Ола,2026-04-09
347,Аскольд,Блинова,averki1973@example.com,Ж,1983-05-25,п. Бодайбо,2025-04-09
348,Рюрик,Лазарева,avdeevleonid@example.com,Ж,1986-07-31,клх Элиста,2024-07-26
349,Ия,Крылова,leonidkulagin@example.org,Ж,1982-05-19,к. Шамары,2025-05-07
350,Аникита,Архипов,dorofe_1996@example.net,Ж,1974-07-20,клх Славянск-на-Кубани,2024-11-24
351,Михаил,Корнилов,jakushevaagafja@example.net,М,1969-03-31,клх Иркутск,2025-10-28
352,Панфил,Шубина,izjaslav2005@example.com,М,2004-06-29,д. Яшкуль,2024-12-06
353,Ладислав,Осипова,miron_1992@example.com,Ж,2002-04-18,г. Белгород,2026-01-15
354,Варвара,Казаков,usidorova@example.net,М,2002-05-27,ст. Норильск,2025-01-08
355,Антонин,Фомина,grigori_77@example.org,Ж,1996-06-02,г. Великие Луки,2025-06-06
356,Митофан,Боброва,ksuhanov@example.com,М,1998-01-10,клх Ясный (Оренб.),2025-04-03
357,Лариса,Белоусов,vladlen67@example.net,М,2003-11-27,ст. Новомосковск,2025-07-23
358,Анастасия,Герасимова,gorbunovaija@example.com,Ж,2005-02-21,г. Рославль,2025-05-21
359,Феофан,Гущина,sharovvatslav@example.com,Ж,2003-09-30,к. Далматово,2026-07-05
360,Валерий,Воробьева,fortunatmiheev@example.net,Ж,1974-10-25,д. Самара,2026-01-07
361,Амос,Гаврилов,sobolevdobroslav@example.net,Ж,1979-11-12,д. Павловская,2024-12-22
362,Дементий,Котов,beljakovfedosi@example.net,М,1997-07-06,п. Королев,2024-11-05
363,Тит,Фадеева,elizar_54@example.org,Ж,1986-08-23,с. Галич,2026-03-23
364,Добромысл,Шашкова,kisaeva@example.com,М,1982-04-22,ст. Шенкурск,2025-11-29
365,Эраст,Соловьева,silanti1993@example.org,Ж,1998-10-05,с. Жигулевск,2025-10-05
366,Светлана,Игнатьев,drozdovflorentin@example.net,М,1990-03-16,д. Тарко-Сале,2025-04-11
367,Филимон,Мишин,ykrilova@example.com,Ж,1997-12-25,п. Александров Гай,2024-09-06
368,Пимен,Шарова,rshilova@example.org,М,1969-01-06,с. Домодедово,2026-07-03
369,Карп,Евдокимов,gremislav_1989@example.net,М,2005-12-03,г. Оленегорск (Якут.),2024-09-29
370,Трифон,Емельянов,grigori_66@example.com,Ж,1985-11-21,п. Находка,2024-10-26
371,Артемий,Вишняков,korolevfade@example.net,Ж,1978-07-14,клх Яр-Сале,2025-01-25
372,Мокей,Волкова,radim2015@example.org,М,2002-01-13,клх Каменск-Уральский,2025-08-24
373,Фёкла,Королев,filaret_1986@example.com,Ж,1979-08-30,клх Шахты,2025-04-25
374,Дорофей,Горбачева,evse_1976@example.org,Ж,1974-06-02,д. Ноглики,2024-10-03
375,Ольга,Комиссарова,ermakovmoke@example.org,М,1999-06-19,к. Холмск,2025-02-06
376,Лаврентий,Елисеев,dorofeevmitofan@example.org,Ж,1967-07-12,к. Шахты,2024-10-22
377,Захар,Фомин,silvestr_25@example.com,Ж,1969-06-14,ст. Чусовой,2025-06-10
378,Матвей,Одинцов,afanasi1992@example.com,Ж,1982-01-24,д. Буденновск,2026-07-04
379,Иннокентий,Тихонова,kostinataisija@example.com,Ж,1991-02-26,п. Чехов,2024-09-20
380,Ким,Панова,jakushevafanasi@example.com,Ж,1974-12-08,с. Амдерма,2025-01-10
381,Любосмысл,Белов,zkozlova@example.org,Ж,2008-04-05,с. Ступино,2026-03-18
382,Юрий,Овчинникова,hohlovefrem@example.com,М,2000-08-29,клх Рубцовск,2025-05-24
383,Ратибор,Васильева,venedikt_2025@example.com,М,1992-01-05,ст. Ведено,2025-09-25
384,Доброслав,Маслова,belozerovluchezar@example.com,Ж,1976-10-22,с. Владимир,2025-06-19
385,Бронислав,Кононов,llobanov@example.org,Ж,2005-10-02,с. Чебоксары,2024-09-14
386,Иларион,Маслова,avde54@example.org,М,1985-06-17,г. Черкесск,2025-10-14
387,Савватий,Комиссаров,bespalovaantonina@example.com,Ж,2007-10-10,г. Осташков,2025-10-09
388,Нестор,Коновалова,mechislav_27@example.org,Ж,1979-06-15,клх Оленегорск (Якут.),2025-11-06
389,Матвей,Поляков,jakushevaevpraksija@example.net,М,1991-03-05,с. Сузун,2024-12-26
390,Всеволод,Исаков,zshcherbakova@example.com,Ж,1971-06-13,с. Россошь,2024-11-20
391,Кузьма,Рыбаков,evstigne_29@example.org,Ж,1969-02-18,с. Элиста,2026-03-16
392,Галактион,Самойлов,averjan_84@example.net,М,1983-01-25,с. Благовещенск (Амур.),2025-10-02
393,Алевтина,Юдин,averki2011@example.org,Ж,1998-04-23,к. Хабаровск,2026-06-09
394,Сила,Крюкова,tit2020@example.org,Ж,2005-10-17,к. Жигулевск,2025-02-21
395,Алла,Белозерова,mihail2017@example.net,Ж,1987-10-13,г. Кыштым,2026-03-11
396,Зоя,Михеев,arkadi_37@example.org,Ж,1971-12-20,г. Усть-Кут,2025-09-12
397,Захар,Калинина,osip09@example.com,Ж,1990-03-24,п. Шамары,2025-04-02
398,Игнатий,Маслов,sorokinaleksandr@example.net,М,2005-04-28,к. Плесецк,2025-06-22
399,Никон,Игнатьева,jaropolk_1970@example.net,Ж,2004-07-12,п. Яшалта,2026-06-15
400,Евгения,Гордеева,stepan2002@example.net,М,2001-01-22,ст. Чехов,2025-09-17
401,Афанасий,Волков,pnekrasova@example.org,М,1976-02-19,к. Красноуфимск,2025-03-03
402,Макар,Лапина,kornil1996@example.org,Ж,1985-11-12,клх Тулпан,2026-01-01
403,Нина,Лазарев,artem_77@example.net,Ж,1980-11-13,клх Домбай,2024-08-24
404,Прокл,Моисеев,aleksandra_2003@example.net,М,1991-01-03,с. Ачинск,2025-06-10
405,Климент,Симонова,fadepanfilov@example.net,М,1992-06-27,с. Дудинка,2025-05-28
406,Милан,Молчанова,solovevgedeon@example.net,Ж,1980-12-20,г. Туруханск,2026-02-27
407,Евфросиния,Коновалов,kliment_1974@example.org,М,1975-10-19,д. Черемхово,2024-11-06
408,Зоя,Кондратьев,veronika_59@example.com,М,1990-04-24,ст. Ноябрьск,2026-03-12
409,Модест,Иванова,fokinpankrat@example.org,М,1979-05-12,п. Диксон,2026-03-25
410,Фадей,Полякова,nosovavgust@example.com,М,1977-04-09,ст. Усть-Джегута,2025-09-18
411,Павел,Лобанова,ija_1973@example.com,М,1970-07-27,ст. Камышин,2026-01-15
412,Остап,Сорокин,elena1988@example.org,М,1972-01-09,д. Вендинга,2026-02-13
413,Давыд,Сазонова,prohorovarkadi@example.net,Ж,1974-08-18,г. Шелехов,2024-08-02
414,Людмила,Иванов,frol_42@example.net,М,1969-02-07,ст. Меренга,2025-09-12
415,Ярополк,Лыткин,ivangrigorev@example.com,Ж,1995-01-26,г. Теберда,2025-12-10
416,Модест,Кузнецова,orodionova@example.net,Ж,1975-05-01,с. Алексин,2025-11-07
417,Ян,Медведев,serafimermakov@example.org,М,2004-11-18,клх Воскресенск,2025-04-22
418,Викентий,Иванова,osipovsaveli@example.net,Ж,1984-12-26,ст. Белогорск (Амур.),2025-09-13
419,Влас,Рогов,osipovataisija@example.net,Ж,1985-03-13,д. Кыштым,2025-12-20
420,Стоян,Маслова,valerija1986@example.org,Ж,1977-06-14,ст. Черкесск,2025-08-07
421,Борис,Белякова,terenti2024@example.org,М,1969-01-18,п. Алдан,2026-05-03
422,Селиван,Селиверстов,trifon2012@example.com,М,1975-04-17,д. Ногинск (Моск.),2025-09-09
423,Лазарь,Баранова,kozlovpahom@example.net,М,1971-03-28,д. Снежинск,2026-04-09
424,Филимон,Козлов,solovevprokl@example.net,М,1970-08-09,д. Шумиха,2026-05-17
425,Анжела,Козлов,orest2002@example.com,Ж,1992-03-10,п. Балтийск,2025-03-01
426,Натан,Терентьев,pnazarov@example.net,М,1993-05-26,п. Кимры,2024-08-27
427,Харитон,Анисимов,fortunat1971@example.net,М,1973-06-20,п. Саров (Морд.),2026-03-28
428,Гурий,Беляев,chernovaljubov@example.org,Ж,1985-01-23,клх Усмань,2026-03-12
429,Евдокия,Дьячков,viktor2017@example.com,М,1989-09-06,к. Можайск,2025-10-23
430,Илья,Тетерина,isaevasinklitikija@example.net,М,1980-12-20,клх Киренск,2025-12-11
431,Мир,Евсеев,eefremova@example.net,М,2003-01-05,г. Кош-Агач,2025-03-12
432,Лучезар,Кабанов,spartak01@example.net,Ж,1989-02-07,клх Углич,2025-04-11
433,Антонин,Степанов,nikandr_2021@example.com,М,1967-11-04,к. Улан-Удэ,2024-10-20
434,Лучезар,Зиновьева,novikovprov@example.net,Ж,1978-06-16,с. Миасс,2026-06-19
435,Лазарь,Мухин,xdavidova@example.org,Ж,1999-12-30,ст. Кызыл,2024-10-21
436,Устин,Лыткина,kostinaalla@example.net,Ж,2004-01-16,к. Комсомольск-на-Амуре,2026-06-20
437,Аникей,Авдеев,tsvetkovaevgenija@example.net,Ж,1972-09-15,г. Елатьма,2025-10-12
438,Мефодий,Кудряшова,fade1973@example.org,Ж,1992-02-25,клх Ишим,2026-04-20
439,Максим,Крылова,strelkovgavrila@example.com,М,1990-07-15,ст. Красногорск (Моск.),2025-06-28
440,Галактион,Панова,ustinovisidor@example.net,Ж,1994-04-27,ст. Мценск,2025-01-23
441,Ян,Шилов,afanasevmstislav@example.com,Ж,1997-04-13,с. Рыльск,2025-01-17
442,Тарас,Фадеева,denis46@example.org,Ж,1969-11-21,д. Карабулак,2024-07-25
443,Галина,Блинов,veselovasofija@example.net,М,1982-02-21,п. Славгород,2025-07-18
444,Аскольд,Самсонова,terenti_28@example.org,Ж,1979-03-20,к. Архыз,2026-03-16
445,Якуб,Колесников,jakub2016@example.org,Ж,2002-10-21,с. Мытищи,2025-12-10
446,Эмилия,Григорьева,ziminagge@example.org,М,1982-09-23,к. Анапа,2025-12-05
447,Майя,Тихонова,moke_2007@example.org,Ж,1985-04-15,ст. Тутончаны,2025-05-23
448,Викторин,Игнатова,beljakovpimen@example.com,Ж,2007-12-27,клх Абинск,2024-09-03
449,Вацлав,Фадеева,ivanovbogdan@example.com,М,1972-01-06,п. Усть-Ишим,2025-02-21
450,Еремей,Рогова,nazarovvladislav@example.net,Ж,1976-08-14,клх Таганрог,2025-10-19
451,Осип,Хохлов,dobromisl2001@example.org,М,1998-10-19,п. Владикавказ,2026-03-25
452,Натан,Игнатов,ljubim_2010@example.org,Ж,1970-08-25,д. Магас,2024-08-09
453,Платон,Сысоев,lukjan_33@example.org,Ж,2008-03-26,д. Макаров,2025-01-18
454,Оксана,Суханов,artemi2024@example.com,Ж,1991-11-27,с. Туапсе,2025-05-07
455,Евгения,Борисов,nifont_68@example.com,М,2004-02-10,с. Быково (метеост.),2024-09-04
456,Акулина,Щукин,viktorin00@example.net,М,1969-01-28,к. Качканар,2026-04-18
457,Ульян,Фокина,pbaranova@example.com,М,1999-12-07,д. Александровск-Сахалинский,2025-02-11
458,Демид,Тихонова,korolevpotap@example.net,М,1998-09-15,к. Александровск-Сахалинский,2025-04-18
459,Аристарх,Меркушева,erast_2000@example.net,Ж,1990-06-06,с. Салават,2025-01-26
460,Назар,Баранова,dementi_50@example.org,М,1992-11-20,п. Железногорск(Курск.),2024-12-24
461,Кузьма,Лебедев,krjukovaakulina@example.net,М,1968-04-12,д. Усть-Кут,2024-11-25
462,Эмилия,Котова,zatsevippolit@example.net,М,2000-06-04,п. Уэлен,2025-05-27
463,Епифан,Тарасов,bogdanovaevfrosinija@example.org,Ж,1993-05-21,д. Асино,2024-10-30
464,Севастьян,Красильникова,orlovstanislav@example.com,Ж,2006-06-13,п. Миллерово,2025-11-01
465,Елена,Меркушева,marija21@example.net,Ж,1979-08-30,ст. Сладково,2025-06-21
466,Платон,Пахомова,lev_1980@example.org,Ж,1992-03-29,к. Яшалта,2025-08-18
467,Вениамин,Савин,germanbobrov@example.com,Ж,1996-08-25,г. Камышлов,2024-07-30
468,Антонина,Фролова,elizar_35@example.com,М,1968-12-19,к. Тихвин,2024-12-19
469,Эдуард,Воронцова,afanasevmiroslav@example.com,М,1974-01-28,с. Томпа,2025-06-06
470,Акулина,Харитонов,leonid_43@example.org,Ж,1970-09-06,ст. Набережные Челны,2026-01-29
471,Родион,Журавлева,bmorozova@example.net,Ж,2000-12-08,к. Бавлы,2025-05-31
472,Изяслав,Шашков,radim2026@example.com,М,1981-08-03,клх Нижневартовск,2025-07-04
473,Никифор,Михайлов,vasilevaija@example.org,Ж,1972-04-08,г. Горячий Ключ,2025-01-11
474,Лариса,Тетерина,haritondorofeev@example.net,Ж,1967-01-30,ст. Избербаш,2025-09-30
475,Евфросиния,Коновалов,nikolaevaija@example.net,М,1992-08-23,д. Таганрог,2025-09-26
476,Владлен,Моисеева,nesterovaninel@example.net,Ж,1990-11-11,п. Таштагол,2026-04-16
477,Илья,Субботин,evfrosinija1986@example.org,Ж,1977-03-04,ст. Краснокамск,2026-03-13
478,Эмиль,Блохин,vorontsovnikon@example.com,Ж,1981-02-11,клх Далматово,2025-03-31
479,Евграф,Рожкова,yevdokimova@example.net,Ж,1998-02-25,п. Салават,2025-09-22
480,Порфирий,Третьякова,alekseevmatve@example.net,М,1988-01-27,к. Каменск-Шахтинский,2026-03-28
481,Наина,Ермакова,litkinzahar@example.net,Ж,1991-10-18,клх Карпинск,2025-12-23
482,Мариан,Зайцева,anani1975@example.com,М,2003-04-19,ст. Ряжск,2024-07-10
483,Мирослав,Русаков,gorbachevkliment@example.net,Ж,1976-06-07,клх Семлячики,2025-07-26
484,Эммануил,Ильин,arkadisamolov@example.net,Ж,2002-07-30,г. Кандалакша,2025-05-30
485,Бронислав,Волков,birjukovkondrat@example.net,Ж,1987-08-28,г. Терней,2024-09-07
486,Евграф,Орехова,lidija2015@example.com,М,1969-06-18,д. Тырныауз,2026-06-13
487,Еремей,Гуляев,ermolasavin@example.org,Ж,1992-04-26,г. Оренбург,2025-12-16
488,Наталья,Павлов,zinovevamargarita@example.org,Ж,1989-10-13,п. Невельск,2026-04-20
489,Андроник,Сысоева,lebedevvenedikt@example.com,Ж,1967-05-01,клх Находка,2025-07-19
490,Станислав,Константинова,antonovaoksana@example.org,М,1974-03-09,д. Орел,2026-02-26
491,Мирослав,Щукина,avde04@example.org,Ж,1981-06-24,ст. Воскресенск,2025-09-24
492,Нифонт,Молчанов,volkovsamson@example.com,М,1987-02-23,клх Амурск,2026-06-23
493,Раиса,Исакова,martinovevse@example.com,М,1969-07-25,п. Беслан,2024-08-05
494,Ростислав,Нестеров,avtonom2000@example.org,Ж,1973-11-04,г. Горячинск,2025-05-07
495,Анжелика,Маслов,kshcherbakov@example.com,М,1991-07-27,ст. Беслан,2026-05-07
496,Гаврила,Соловьева,nonna21@example.net,М,1985-05-05,п. Красновишерск,2024-07-31
497,Болеслав,Сорокин,mihalovmark@example.net,Ж,2005-09-24,с. Моршанск,2026-04-22
498,Прокл,Ковалев,filimon14@example.net,М,2004-09-10,ст. Красноярск,2024-11-30
499,Лукьян,Юдин,serge46@example.org,Ж,1993-03-12,к. Оймякон,2024-12-05
500,Фортунат,Никонов,silinavtonom@example.net,М,2003-10-25,к. Джейрах,2025-12-03
501,Ладимир,Кириллова,emeljan_2018@example.org,М,1983-09-15,г. Приморско-Ахтарск,2025-06-10
502,Анатолий,Кулаков,sigizmund29@example.com,Ж,1983-01-24,с. Эльбрус,2025-07-06
503,Милован,Ситникова,mokeorlov@example.com,Ж,1986-03-10,п. Черняховск,2025-03-26
504,Бажен,Смирнов,zanisimova@example.net,Ж,1986-05-12,г. Боровск,2026-03-03
505,Исидор,Лыткина,foka_52@example.org,М,1997-06-22,п. Торжок,2025-07-26
506,Владислав,Трофимов,kondratevkazimir@example.com,Ж,1984-08-01,ст. Нарткала,2025-06-23
507,Лука,Красильников,lora_1989@example.org,Ж,1974-01-17,клх Мценск,2024-07-23
508,Зоя,Мельников,ija_62@example.net,Ж,1996-01-20,клх Каргасок,2025-03-09
509,Натан,Смирнов,iterenteva@example.com,Ж,2005-08-18,к. Усть-Кулом,2026-02-21
510,Парамон,Богданова,klavdija_1995@example.com,Ж,1994-11-07,ст. Эльбрус,2026-01-02
511,Пелагея,Мамонтов,leonid95@example.org,Ж,1983-10-15,д. Нерчинск,2025-12-12
512,Болеслав,Красильникова,luchezar_58@example.com,Ж,1967-01-10,г. Кострома,2024-09-02
513,Ермил,Ширяев,marina1994@example.org,М,2001-02-19,д. Магадан,2026-03-16
514,Назар,Субботина,odintsovdorofe@example.com,Ж,2003-04-14,п. Сочи,2025-08-19
515,Денис,Рожков,dobromisl71@example.net,М,2005-02-08,с. Каргополь,2025-01-26
516,Аверкий,Борисова,terentevamargarita@example.com,М,1968-06-16,к. Ершов,2024-08-28
517,Антонина,Кулагин,kimanisimov@example.net,Ж,2001-10-12,г. Вендинга,2024-12-04
518,Аникита,Суханова,kasjan_1992@example.net,М,1966-09-20,д. Чехов,2024-11-25
519,Илья,Борисов,silvestr2008@example.net,М,2008-04-04,клх Амдерма,2025-10-19
520,Прохор,Доронин,mamontovsilanti@example.org,М,1991-05-28,д. Анадырь,2026-04-20
521,Федот,Александров,miron_55@example.org,М,1967-04-26,с. Палана,2025-02-07
522,Боян,Самойлов,sigizmund94@example.net,М,1985-09-12,ст. Холмогоры,2026-01-24
523,Эмиль,Фролова,zlobanov@example.org,М,1974-07-29,г. Ишим,2025-04-15
524,Еремей,Самойлов,ziminvjacheslav@example.net,М,1979-10-18,с. Нижний Новгород,2025-08-24
525,Зиновий,Комиссарова,fedoseevanisim@example.net,М,2002-07-08,д. Артем,2025-04-09
526,Клавдий,Никифорова,moise_2020@example.net,М,1976-06-20,ст. Анадырь,2025-05-18
527,Варфоломей,Фокина,kuznetsovaevdokija@example.net,М,2005-11-07,ст. Горячий Ключ,2026-06-20
528,Модест,Горбачева,sisoevvarlaam@example.com,Ж,1970-12-12,п. Йошкар-Ола,2025-11-21
529,Лукьян,Лаврентьев,kornilnesterov@example.net,М,2005-01-22,клх Красноярск,2025-12-30
530,Варлаам,Миронова,ladimirmjasnikov@example.org,М,1976-02-10,с. Ялуторовск,2025-04-15
531,Гурий,Бобров,pelageja2024@example.com,Ж,2003-05-29,клх Красноярск,2026-05-26
532,Фадей,Агафонова,kuprijan_1973@example.org,Ж,1986-04-13,с. Приозерск,2024-07-18
533,Фрол,Морозов,fade1979@example.com,Ж,1973-01-21,с. Учалы,2025-06-26
534,Корнил,Федотов,ilinharlampi@example.net,М,1998-07-26,г. Неплюевка,2026-06-03
535,Януарий,Иванов,sobolevaaleksandra@example.net,М,1986-09-22,г. Чикола,2025-10-28
536,Ольга,Гордеев,nikifor37@example.com,М,2006-12-25,п. Железногорск(Курск.),2025-02-05
537,Натан,Никифоров,ignatevipat@example.org,Ж,1991-08-20,г. Тутаев,2025-01-30
538,Никон,Щербаков,sofonmartinov@example.net,М,1972-12-18,клх Юрюзань,2026-05-10
539,Евлампий,Белозерова,oorlov@example.com,М,1975-12-09,с. Ступино,2024-07-30
540,Ким,Никонов,hohlovdemjan@example.org,Ж,2004-05-23,с. Учалы,2025-04-18
541,Любовь,Фролова,fevronija_89@example.net,Ж,2000-01-19,ст. Кизилюрт,2026-03-11
542,Викторин,Мамонтов,sidor85@example.net,Ж,2001-02-07,д. Соль-Илецк,2026-06-22
543,Макар,Хохлов,beljaevaevfrosinija@example.com,М,1981-08-16,г. Октябрьское (Челяб.),2025-10-27
544,Иларион,Капустин,moiseevspiridon@example.com,М,2001-07-17,ст. Пышма,2024-09-12
545,Мирослав,Турова,jandreeva@example.net,М,1993-10-05,с. Нижний Тагил,2025-07-17
546,Игнатий,Фомичев,polina_04@example.org,М,1978-11-14,д. Алапаевск,2026-03-10
547,Милен,Артемьева,gurevpankrat@example.net,Ж,1998-07-11,д. Любань,2026-01-16
548,Алина,Суханов,ovladimirova@example.com,М,2002-12-07,ст. Калуга,2025-04-27
549,Игнатий,Доронин,erofe_2008@example.org,М,1999-02-26,клх Шахты,2025-05-20
550,Павел,Максимова,evdokimovalora@example.com,Ж,1982-08-31,д. Качканар,2025-11-04
551,Лучезар,Константинова,vorontsovalora@example.com,Ж,1984-05-04,к. Смирных,2026-05-22
552,Ладимир,Коновалова,gostomisl1986@example.org,Ж,2002-02-10,с. Малая Вишера,2024-10-25
553,Эдуард,Ефремов,ratmir_54@example.com,М,1974-12-19,п. Шали,2025-05-11
554,Фортунат,Рыбакова,naina13@example.com,Ж,1997-03-23,д. Невинномысск,2024-09-19
555,Вениамин,Некрасова,evgenija2005@example.net,М,1972-03-03,п. Лазаревское,2025-04-21
556,Ратмир,Галкина,ygordeev@example.net,Ж,1983-10-16,ст. Далматово,2024-09-29
557,Эрнст,Никифоров,maja32@example.org,Ж,1996-01-09,с. Александров Гай,2026-06-16
558,Михаил,Федорова,artemevaevpraksija@example.org,М,1980-10-07,г. Абакан,2025-02-14
559,Никита,Кулагина,martjan1988@example.org,Ж,1973-03-02,с. Нижнекамск,2025-10-30
560,Эммануил,Некрасова,nikola10@example.com,Ж,1972-05-08,п. Туруханск,2025-03-27
561,Фирс,Шашкова,alekse2000@example.net,Ж,1996-11-30,клх Апатиты,2024-08-14
562,Кондрат,Блинова,bobilevevstafi@example.net,М,1976-04-04,г. Сорочинск,2025-02-01
563,Феврония,Исаева,vjacheslavbragin@example.com,Ж,1972-01-20,клх Ейск,2024-10-05
564,Петр,Брагина,stepanovaaleksandra@example.com,М,2003-04-30,клх Калач-на-Дону,2024-12-27
565,Тамара,Авдеева,hristofor_1991@example.org,Ж,2001-08-04,ст. Кострома,2024-12-26
566,Эмилия,Кудряшова,iraida2018@example.org,Ж,1986-07-28,клх Одинцово,2024-07-25
567,Виктор,Авдеев,pahom2002@example.org,Ж,1980-08-23,ст. Богучар,2024-12-13
568,Ерофей,Рыбакова,mfokina@example.com,Ж,1993-12-03,с. Щелково,2026-05-07
569,Амвросий,Богданов,mjasnikovaveronika@example.com,Ж,2006-02-06,клх Курчатов,2025-04-23
570,Дмитрий,Костин,zinovevavalentina@example.org,Ж,1970-01-13,ст. Змеиногорск,2024-11-23
571,Селиверст,Капустин,arsenibespalov@example.com,М,1968-02-27,д. Плес,2026-02-09
572,Твердислав,Константинов,venedikt1993@example.org,М,1976-01-06,г. Петропавловск-Камчатский,2025-05-14
573,Алла,Кононова,mefodichernov@example.net,Ж,1986-10-03,г. Приморско-Ахтарск,2026-04-13
574,Эрнст,Крылов,vasilevpankrat@example.org,Ж,1998-12-18,ст. Каменномостский,2025-08-14
575,Лучезар,Блинова,aksenovaklavdija@example.org,М,1989-05-20,с. Ишим,2025-08-01
576,Владислав,Доронина,rostislav_35@example.org,Ж,2005-07-11,п. Таштагол,2025-12-02
577,Степан,Крюкова,filaret2003@example.com,Ж,2005-02-05,ст. Баксан,2024-09-29
578,Владислав,Кулаков,lignateva@example.com,Ж,1984-09-06,клх Сосьва (Хант.),2026-02-11
579,Януарий,Кудрявцев,rkopilov@example.com,М,1987-11-02,д. Мценск,2024-08-19
580,Ким,Никонова,golubevaelizaveta@example.com,Ж,1979-05-11,д. Миасс,2025-01-16
581,Владилен,Пестов,stanimir_78@example.com,Ж,1975-06-25,с. Тихорецк,2024-09-10
582,Юлия,Блохин,jan_69@example.net,М,1968-04-22,д. Сочи,2025-10-06
583,Тимур,Воронцова,ershovamarina@example.org,Ж,1976-10-31,с. Усть-Ордынский,2026-03-22
584,Творимир,Тимофеева,vladimir_40@example.com,М,1973-06-01,д. Соловки,2026-04-12
585,Людмила,Горбунов,fedoseevaanzhela@example.org,Ж,2003-01-28,д. Вязьма,2024-12-09
586,Борис,Петухова,uljan_2020@example.org,Ж,1978-09-12,г. Октябрьское (Хант.),2024-10-14
587,Трифон,Панов,innokenti1999@example.com,Ж,1992-08-06,п. Павловский Посад,2024-09-26
588,Богдан,Селиверстова,sidorovavtonom@example.org,Ж,1974-04-07,г. Яшкуль,2025-01-24
589,Пелагея,Медведев,ereme_2009@example.com,Ж,2001-01-15,ст. Ахтубинск,2025-10-16
590,Наталья,Носов,nikita_90@example.com,М,1995-06-07,к. Тура,2024-10-03
591,Феоктист,Гришина,kolesnikovaklavdija@example.net,М,1984-08-02,с. Великий Устюг,2025-06-26
592,Майя,Тетерин,hohlovvissarion@example.net,М,1977-02-14,с. Ачинск,2026-01-10
593,Ия,Ершова,igolubeva@example.org,М,1973-07-13,г. Астрахань,2024-08-05
594,Тимур,Щербакова,luchezar_29@example.com,Ж,1995-11-22,клх Москва,2025-02-06
595,Тамара,Копылова,kira2013@example.com,Ж,1980-10-09,с. Курильск,2025-09-21
596,Евгений,Федосеев,xkozlova@example.com,М,2006-11-10,с. Крымск,2026-01-12
597,Кондрат,Капустин,filaretmedvedev@example.org,Ж,1994-09-17,г. Егорьевск,2025-01-01
598,Мартьян,Тимофеев,medvedevnarkis@example.org,Ж,1973-01-16,п. Черский,2025-07-12
599,Борис,Рябова,ljubov12@example.org,Ж,1988-09-01,к. Соль-Илецк,2024-12-28
600,Алина,Елисеев,sitnikovostromir@example.com,М,2006-10-04,с. Шилка,2025-11-04
601,Пахом,Макарова,kononovamvrosi@example.org,М,1969-07-20,клх Углегорск,2025-04-29
602,Ираклий,Карпова,vkulagina@example.com,Ж,1990-01-18,к. Новочеркасск,2026-05-20
603,Андрон,Фомичева,valerjan1986@example.com,М,1969-12-28,с. Петрозаводск,2025-01-09
604,Олег,Лаврентьева,slarionova@example.net,Ж,1980-09-13,клх Зеленогорск (Ленин.),2026-06-28
605,Наина,Воробьев,german_2010@example.net,М,1978-05-13,ст. Пермь,2024-11-30
606,Ладимир,Соболева,georgilavrentev@example.net,Ж,1993-07-18,г. Нефтегорск (Самар.),2025-11-11
607,Ермолай,Соболева,novikovpavel@example.org,Ж,1970-04-26,ст. Кабанск,2025-12-26
608,Добромысл,Комиссарова,militsa20@example.net,Ж,1982-10-05,к. Яр-Сале,2025-10-21
609,Демьян,Кузьмин,vatslav_73@example.com,Ж,1982-11-04,п. Нарьян-Мар,2025-03-24
610,Любовь,Ильин,jfilatova@example.net,Ж,1999-01-10,д. Прохладный,2024-10-15
611,Михей,Беспалов,trifon1997@example.org,Ж,1976-02-08,с. Кяхта,2024-12-06
612,Петр,Пахомова,emmanuil_1984@example.net,Ж,2007-08-28,с. Наро-Фоминск,2025-06-22
613,Филимон,Коновалов,luka83@example.com,Ж,1969-10-14,с. Красноуфимск,2024-08-08
614,Алексей,Медведев,karp_22@example.net,Ж,1979-05-05,д. Одинцово,2025-09-19
615,Тимофей,Блинов,amos43@example.com,Ж,1976-05-29,п. Геленджик,2025-01-06
616,Лора,Калашникова,mili_08@example.net,Ж,1970-04-05,к. Тырныауз,2024-12-11
617,Ангелина,Туров,andreevmaksimiljan@example.com,М,1991-08-28,с. Шатура,2026-02-08
618,Василиса,Самсонова,ermilgavrilov@example.com,М,1992-04-05,г. Белокуриха,2025-05-14
619,Ерофей,Данилов,medvedevlavr@example.org,М,1989-04-28,г. Добрянка,2025-01-27
620,Евлампий,Силин,larisa1980@example.org,Ж,2006-08-25,с. Магнитогорск,2024-09-09
621,Любомир,Русаков,nvladimirov@example.com,М,1998-06-27,с. Красноярск,2025-07-11
622,Викторин,Беляев,zhdanovjanuari@example.com,М,1995-11-15,г. Усть-Катав,2025-03-03
623,Вероника,Белозерова,mefodi1992@example.net,М,2000-07-26,к. Саратов,2025-07-16
624,Петр,Смирнов,rodionovrjurik@example.org,М,1999-09-08,к. Ступино,2024-11-16
625,Радим,Лобанова,zkulakova@example.org,Ж,1967-11-28,к. Северодвинск,2024-07-17
626,Герман,Цветков,kovalevprov@example.org,Ж,1973-09-30,к. Серафимович,2024-10-25
627,Самуил,Михайлов,dobroslav_06@example.net,Ж,2003-05-23,ст. Шумиха,2025-04-29
628,Панкрат,Бирюков,avdeevamaja@example.com,М,1990-06-19,д. Красноуфимск,2025-09-05
629,Анжелика,Тимофеев,golubevaevgenija@example.com,М,1968-05-15,г. Усть-Илимск,2026-05-11
630,Валентина,Владимиров,klavdija_87@example.com,Ж,1979-11-16,д. Тутончаны,2026-07-04
631,Лукия,Гуляев,xborisova@example.com,М,1970-04-11,клх Великий Устюг,2025-03-12
632,Ия,Белова,pdenisova@example.org,Ж,1983-11-11,г. Бийск,2025-10-28
633,Евпраксия,Мельников,kabanovvadim@example.com,М,1998-01-19,к. Владикавказ,2025-10-21
634,Виссарион,Хохлов,vlasovserge@example.net,Ж,1979-01-25,д. Рязань,2025-07-16
635,Ким,Субботин,varlaam1992@example.org,М,2005-05-30,д. Осташков,2025-11-04
636,Елена,Баранов,loginovaanastasija@example.org,М,1988-04-23,клх Черемхово,2026-06-07
637,Давыд,Ефимова,svjatopolk_37@example.org,Ж,2007-07-08,с. Тольятти,2024-10-13
638,Лучезар,Воронцов,maksim2023@example.net,М,1995-05-16,д. Онега,2025-10-31
639,Фёкла,Буров,gushchinemil@example.com,М,1972-02-15,клх Обнинск,2026-02-02
640,Онуфрий,Алексеев,ipati24@example.net,Ж,2003-11-21,г. Аршан (Бурят.),2025-01-22
641,Александр,Третьяков,sartemev@example.org,М,1985-11-08,г. Элиста,2026-05-29
642,Аникей,Лапин,konovalovvisheslav@example.net,Ж,1998-06-26,с. Гагарин,2026-05-03
643,Будимир,Калинин,aleksandra2025@example.org,М,1993-12-18,ст. Катайск,2025-04-08
644,Вера,Бирюков,qtarasov@example.com,М,2005-09-22,п. Хатанга,2025-11-25
645,Терентий,Миронов,kostinmartin@example.org,Ж,1978-05-21,ст. Усть-Баргузин,2026-06-01
646,Лукьян,Иванов,ddrozdova@example.net,Ж,2006-12-30,с. Минеральные Воды,2026-02-02
647,Самуил,Гурьева,poljakovfortunat@example.org,Ж,1999-03-10,п. Кимры,2026-06-21
648,Виктория,Данилов,grigorevbojan@example.org,Ж,2005-07-19,клх Катав-Ивановск,2026-05-10
649,Евдокия,Евдокимов,olimpi_48@example.net,Ж,1994-08-07,г. Камышлов,2024-12-27
650,Кирилл,Казакова,oleg_43@example.net,М,1979-07-08,с. Таштагол,2026-03-15
651,Амос,Субботин,zatsevinnokenti@example.net,М,1989-02-15,клх Мыс Шмидта,2025-06-24
652,Эмиль,Бурова,kapitonguljaev@example.net,Ж,2004-08-18,г. Кострома,2025-06-08
653,Евфросиния,Игнатьева,zsazonova@example.com,Ж,1982-07-02,к. Кировск (Ленин.),2025-09-20
654,Капитон,Шарапова,vorontsovfade@example.com,М,1988-10-26,с. Белый Яр (Томск.),2024-07-23
655,Тихон,Костина,pavel07@example.org,М,1993-02-07,к. Катав-Ивановск,2026-05-27
656,Галактион,Ситникова,tvorimir74@example.net,Ж,1995-12-03,с. Эльтон,2024-09-03
657,Анжелика,Мельников,jaropolk_99@example.net,Ж,1969-06-02,д. Сладково,2026-05-25
658,Парфен,Игнатов,stepanovazoja@example.org,М,1983-09-16,к. Анива,2024-12-17
659,Вацлав,Доронина,arefiignatov@example.com,М,1999-07-13,д. Коломна,2024-10-07
660,Ипатий,Ситников,tarasovostromir@example.org,М,1966-08-17,с. Далматово,2026-02-05
661,Сидор,Лыткин,olimpiada1979@example.net,М,2005-04-17,ст. Баргузин,2024-07-23
662,Валентин,Сорокина,kalashnikovpavel@example.org,Ж,1990-08-20,с. Щельяюр,2025-12-21
663,Натан,Зуев,evlampikirillov@example.net,М,1985-04-06,клх Чокурдах,2024-09-26
664,Агафья,Котова,mishinpahom@example.org,М,1967-09-16,д. Ногинск (Моск.),2024-12-26
665,Вацлав,Комаров,selivanarhipov@example.org,М,1978-06-14,ст. Тавда,2025-04-04
666,Натан,Сорокина,rlukin@example.org,Ж,1981-09-22,п. Тында,2025-06-02
667,Ангелина,Горшков,subbotinsigizmund@example.com,М,1973-02-16,к. Долинск,2024-11-08
668,Адам,Щукина,svetozarshcherbakov@example.net,Ж,1992-07-26,с. Мирный,2025-08-26
669,Лукьян,Панфилова,filippovantonin@example.com,Ж,1985-03-21,с. Благовещенск (Амур.),2024-11-16
670,Доброслав,Соболева,julianafanasev@example.com,Ж,1983-04-14,ст. Моздок,2026-06-18
671,Светлана,Комиссарова,guri_2023@example.com,Ж,1983-12-11,с. Листвянка (Иркут.),2024-07-09
672,Любовь,Колесников,rjabovanatoli@example.org,Ж,1985-02-10,п. Великие Луки,2025-12-09
673,Никандр,Игнатьев,svjatopolksuhanov@example.com,Ж,1968-04-20,г. Уссурийск,2025-04-21
674,Осип,Абрамова,tatjana_94@example.com,М,1984-12-20,п. Туапсе,2024-12-06
675,Адам,Сорокина,arkadi_41@example.org,М,1986-08-22,д. Красновишерск,2025-04-25
676,Зинаида,Алексеев,konon_75@example.org,М,1989-11-27,п. Киренск,2024-09-21
677,Дмитрий,Фокин,vatslav_1991@example.net,М,1994-03-31,к. Волгодонск,2025-04-25
678,Виктор,Савельев,kirterentev@example.net,Ж,1998-02-14,к. Адлер,2026-05-26
679,Модест,Гордеев,morozovgorde@example.com,М,2003-01-07,ст. Верхнее Пенжино,2024-10-20
680,Дарья,Соловьева,eleonora43@example.com,М,1981-06-27,к. Сунтар,2024-11-24
681,Валентин,Пестова,florentin2007@example.net,М,1999-08-17,клх Шумиха,2026-05-26
682,Вениамин,Зимин,judinnestor@example.com,М,1969-08-21,клх Осташков,2025-07-21
683,Еремей,Маслова,evlampi_1987@example.org,М,1987-10-29,д. Кижи,2026-02-13
684,Яков,Борисов,irina_2015@example.com,М,1990-04-30,клх Ржев,2025-07-03
685,Януарий,Гордеева,agap_14@example.com,М,1973-12-14,ст. Баксан,2025-10-09
686,Пелагея,Воробьев,rubenmishin@example.net,Ж,1979-08-03,ст. Псебай,2024-10-09
687,Григорий,Кулагин,lazarnazarov@example.net,Ж,1992-09-20,г. Ачинск,2024-12-20
688,Моисей,Мартынова,ignatovilja@example.org,Ж,1982-01-03,с. Раменское,2024-11-25
689,Капитон,Быков,jakub2007@example.com,Ж,1989-08-29,к. Сортавала,2024-10-17
690,Радим,Прохоров,ernest30@example.com,М,1984-07-16,с. Нарьян-Мар,2024-10-02
691,Феликс,Бобылев,kim_2010@example.org,М,2006-02-23,г. Новосибирск,2025-10-27
692,Карп,Кулагин,alina_1983@example.org,Ж,1990-11-20,к. Поярково,2024-12-09
693,Нонна,Агафонова,tihonovatatjana@example.org,Ж,1976-05-08,д. Усть-Камчатск,2026-01-17
694,Павел,Комарова,gorbunovevse@example.org,Ж,1978-10-01,с. Нефтекамск,2025-08-04
695,Гостомысл,Карпова,wkudrjashova@example.com,М,1977-01-04,к. Пенза,2025-09-20
696,Капитон,Логинова,lora15@example.org,М,1989-03-20,п. Красноуральск,2024-08-31
697,Ефим,Самойлова,gvolkov@example.net,Ж,1987-05-01,ст. Щельяюр,2025-09-13
698,Амос,Полякова,elizar_56@example.net,М,2007-12-11,г. Эльбрус,2025-08-03
699,Ираида,Некрасов,natalja_2021@example.org,Ж,1976-03-21,с. Ревда (Сверд.),2025-06-10
700,Светозар,Николаева,boleslav1993@example.net,М,1975-07-07,с. Буйнакск,2024-08-25
701,Эдуард,Исакова,irina13@example.org,М,1980-12-09,ст. Ялуторовск,2025-04-23
702,Парфен,Миронова,naumovatatjana@example.org,М,1977-09-14,клх Городовиковск,2026-06-04
703,Пантелеймон,Колесникова,ermola_2002@example.com,Ж,1992-06-04,д. Старая Русса,2024-08-28
704,Иван,Калашников,kolobovterenti@example.net,М,1978-01-31,п. Ханты-Мансийск,2024-12-31
705,Пелагея,Дроздов,osip14@example.org,М,1979-12-07,г. Усолье Сибирское,2024-09-11
706,Клавдия,Калашников,simon_2024@example.net,М,1967-06-10,п. Киров (Вятка),2025-05-10
707,Анастасия,Сазонова,kazakovsvjatoslav@example.net,М,1972-11-03,ст. Железногорск(Курск.),2025-04-27
708,Максимильян,Дементьева,arhipovgrigori@example.org,Ж,2001-08-22,с. Омск,2025-05-23
709,Потап,Калинин,sharovelizar@example.org,Ж,1981-07-22,д. Губкинский,2026-02-07
710,Анжела,Кудряшов,jakub_2006@example.com,Ж,1971-05-24,г. Александровск,2026-01-26
711,Вера,Орехова,golubevavalentina@example.org,М,1968-07-03,д. Аша,2026-02-14
712,Дмитрий,Дорофеев,maksim_2002@example.org,Ж,1980-08-26,с. Славянск-на-Кубани,2026-05-16
713,Василий,Чернова,gordeevaraisa@example.org,Ж,1968-09-18,д. Омск,2024-12-18
714,Климент,Волкова,trifonignatov@example.org,Ж,1973-10-14,д. Армавир,2025-04-05
715,Ананий,Селиверстов,jaropolk1979@example.com,Ж,1994-01-19,г. Беломорск,2024-07-08
716,Викентий,Белоусов,romanovpanfil@example.net,Ж,1990-01-09,д. Игарка,2026-06-20
717,Филимон,Исакова,bobilevaolga@example.net,Ж,1988-10-29,ст. Тихвин,2026-06-15
718,Матвей,Копылова,kuzminasinklitikija@example.com,М,1982-10-18,к. Москва,2025-09-11
719,Олимпиада,Нестерова,gennadi51@example.net,М,2001-12-30,п. Поронайск,2025-05-22
720,Жанна,Денисов,andronik2017@example.net,Ж,2006-07-25,клх Кяхта,2026-06-20
721,Федот,Брагина,vsevolod_1986@example.com,Ж,1969-02-06,г. Ковров,2025-07-29
722,Изот,Анисимов,dmitrievhariton@example.com,Ж,1978-08-26,ст. Елец,2026-02-02
723,Эдуард,Тетерина,qzimina@example.org,М,1992-01-16,клх Беломорск,2025-04-28
724,Лавр,Лыткин,larionovaeleonora@example.com,М,1970-04-05,с. Невинномысск,2026-07-04
725,Ульян,Кошелева,lidija_1971@example.org,М,1996-01-28,к. Благовещенск (Амур.),2024-08-01
726,Ангелина,Хохлова,veronika_87@example.net,М,1988-02-22,д. Адыгейск,2025-06-18
727,Лев,Селиверстова,judinmodest@example.org,Ж,1995-06-25,п. Шуя,2024-11-26
728,Парамон,Виноградов,oktjabrina2010@example.org,М,1971-11-02,г. Ямбург,2026-04-02
729,Милан,Зайцев,kolesnikovmechislav@example.org,М,1986-02-27,к. Сладково,2025-02-21
730,Лонгин,Орлова,rodion_56@example.net,Ж,1982-08-06,д. Петропавловск-Камчатский,2024-12-16
731,Всеслав,Егоров,evgenija1976@example.org,Ж,1994-01-19,п. Павловская,2026-01-06
732,Мокей,Якушева,miheevavtonom@example.org,Ж,2001-01-07,клх Лысьва,2025-09-28
733,Мария,Гордеева,gsidorov@example.net,М,1984-04-14,г. Старая Русса,2024-10-14
734,Нинель,Абрамова,gennadi_1981@example.org,Ж,1966-09-26,п. Можга,2025-02-13
735,Нестор,Никитина,petuhovaalina@example.com,Ж,1989-07-12,к. Биробиджан,2024-11-23
736,Тихон,Смирнова,prokl47@example.com,М,1971-05-17,к. Кострома,2024-07-17
737,Евлампий,Архипов,ershovalarisa@example.org,Ж,1969-07-06,ст. Холмогоры,2025-01-04
738,Демид,Колесникова,vinogradovalora@example.org,Ж,2003-07-17,п. Канск,2025-05-10
739,Матвей,Гущин,viktorija39@example.com,Ж,1999-05-25,к. Усть-Камчатск,2025-07-08
740,Роман,Козлова,andrezimin@example.org,Ж,1994-04-11,к. Арсеньев,2025-10-03
741,Лукия,Лаврентьев,foka_61@example.com,Ж,2007-12-02,клх Хужир,2024-10-25
742,Лучезар,Чернова,evladimirova@example.com,М,1992-07-08,к. Новомичуринск,2024-09-10
743,Кирилл,Дорофеев,sobolevdorofe@example.com,М,1999-04-26,клх Костомукша,2026-02-14
744,Ксения,Федосеева,varvara1990@example.org,Ж,1999-05-01,ст. Волоколамск,2025-11-02
745,Валерьян,Рожков,anani2020@example.net,Ж,1984-03-21,п. Геленджик,2025-09-23
746,Радован,Силина,vsevolodseleznev@example.org,Ж,1982-11-13,клх Сочи,2024-09-12
747,Кузьма,Бобылев,januariovchinnikov@example.net,Ж,1987-10-31,клх Листвянка (Иркут.),2026-03-22
748,Мариан,Колесников,oktjabrina2012@example.com,Ж,1977-05-30,ст. Гусь-Хрустальный,2025-09-23
749,Любим,Волков,ereme_45@example.org,М,2000-07-25,к. Нефтеюганск,2025-03-19
750,Куприян,Ершов,bolshakoviosif@example.net,Ж,2007-12-27,д. Качканар,2025-10-26
751,Олимпиада,Марков,georgi2017@example.org,М,1968-08-06,к. Соловки,2026-04-27
752,Соломон,Харитонов,gedeon_2016@example.com,Ж,1996-09-27,д. Междуреченский,2025-05-12
753,Агафон,Исакова,kulakovrjurik@example.org,Ж,1989-01-31,п. Городовиковск,2025-07-06
754,Аполлинарий,Муравьева,blinovljubomir@example.org,Ж,1992-03-03,клх Владикавказ,2025-02-25
755,Фёкла,Лаврентьев,ljubomirmorozov@example.com,М,1988-05-22,п. Барнаул,2025-09-14
756,Ростислав,Вишняков,provshcherbakov@example.net,Ж,1980-07-16,г. Белгород,2025-09-11
757,Родион,Шарапов,haritonovuljan@example.net,М,1979-08-14,д. Кашхатау,2024-10-18
758,Авдей,Власов,platon2012@example.net,Ж,1979-01-23,г. Таштагол,2026-06-17
759,Емельян,Смирнова,tblohina@example.net,Ж,1970-09-03,г. Невельск,2025-08-19
760,Агап,Авдеева,svetozar_1987@example.org,М,1971-08-24,д. Апатиты,2025-05-13
761,Натан,Андреев,vsemil15@example.com,М,1986-10-23,клх Арзамас,2024-09-01
762,Дмитрий,Фролова,julian_2015@example.org,Ж,1972-08-17,ст. Лысьва,2026-06-24
763,Любовь,Сысоев,fedosi_45@example.net,Ж,1993-11-05,п. Шелехов,2025-01-28
764,Викторин,Большакова,akulina1993@example.org,Ж,1971-01-29,г. Моздок,2025-03-25
765,Владимир,Орлов,ratmirzhdanov@example.com,М,1989-07-03,с. Сосновый Бор,2024-07-27
766,Ираида,Овчинникова,larionovaanzhela@example.net,М,1984-10-11,с. Бавлы,2026-03-20
767,Мокей,Ситникова,vsemilmoiseev@example.net,Ж,1966-12-16,п. Дивногорск,2026-01-11
768,Мина,Лаврентьева,rhohlov@example.org,М,1969-03-29,п. Краснодар,2025-09-10
769,Аркадий,Овчинникова,turovasinklitikija@example.com,Ж,1994-09-18,клх Горячинск,2024-10-22
770,Капитон,Кулакова,veronika_1995@example.net,Ж,1997-03-22,клх Усть-Ишим,2025-09-17
771,Евдоким,Архипов,innokenti_34@example.com,Ж,1988-11-30,к. Адыгейск,2024-12-29
772,Лора,Лобанов,sharovagafon@example.org,М,1980-09-19,ст. Находка,2024-12-09
773,Владислав,Большакова,kulaginspiridon@example.net,М,1999-08-13,с. Александровск,2025-01-29
774,Пимен,Меркушев,artemevaevdokija@example.net,М,1999-11-14,к. Игнашино,2024-08-15
775,Гремислав,Власов,matveevanaina@example.org,М,1989-04-19,д. Сеймчан,2026-02-03
776,Ферапонт,Третьякова,filaret2024@example.net,Ж,1983-11-03,с. Ржев,2025-10-26
777,Радован,Красильникова,martinmakarov@example.com,М,1992-05-08,д. Павловский Посад,2025-02-13
778,Татьяна,Лукин,kolobovkapiton@example.net,Ж,1984-03-10,клх Краснокамск,2025-04-07
779,Авдей,Костин,mitofanfedorov@example.net,М,1981-11-20,с. Сосновый Бор,2024-12-19
780,Ипатий,Семенова,polina69@example.org,М,1998-03-22,клх Вытегра,2026-04-07
781,Любим,Тимофеева,ignatovtimofe@example.net,М,1988-04-09,к. Мичуринск,2024-07-17
782,Велимир,Сазонов,sigizmundmorozov@example.com,Ж,1981-08-08,к. Тында,2026-05-12
783,Митофан,Голубев,erast2016@example.net,М,1975-06-08,п. Апатиты,2026-05-27
784,Филарет,Антонова,sokrat_35@example.com,М,1987-06-02,д. Южноуральск,2024-12-18
785,Мефодий,Русаков,ostap_61@example.org,Ж,1981-05-21,с. Бугуруслан,2026-04-17
786,Мина,Лазарев,agap74@example.net,Ж,2005-05-15,д. Смоленск,2024-07-31
787,Тамара,Чернова,isakovanani@example.net,Ж,1968-04-02,с. Бугуруслан,2025-12-04
788,Парфен,Стрелков,gorderogov@example.net,Ж,1971-06-27,п. Кандалакша,2024-08-29
789,Ипат,Ковалев,birjukoveduard@example.org,Ж,2005-09-12,п. Смоленск,2025-07-20
790,Лукия,Прохоров,apollinari17@example.net,Ж,2007-08-23,с. Чокурдах,2025-04-08
791,Доброслав,Тихонова,uanisimov@example.com,М,1980-10-20,г. Саянск,2026-03-24
792,Агап,Давыдов,valeri04@example.org,Ж,2003-02-22,г. Вендинга,2025-12-28
793,Аполлон,Гуляева,evdokimovevstafi@example.net,М,1998-04-10,клх Щельяюр,2025-06-01
794,Валерия,Поляков,korolevajulija@example.org,Ж,1970-06-13,г. Истра,2024-10-23
795,Наина,Морозов,silinatamara@example.net,М,2000-12-15,г. Обоянь,2025-07-12
796,Вадим,Селезнев,maksimiljanartemev@example.com,М,1975-09-11,г. Озеры,2025-10-05
797,Аркадий,Субботина,davidovpotap@example.org,М,1989-12-06,п. Мценск,2026-06-21
798,Вера,Лебедева,pankrat2014@example.org,Ж,1988-05-09,к. Ноглики,2024-10-21
799,Модест,Дорофеева,adrian82@example.com,Ж,1982-08-21,к. Усть-Кулом,2024-09-06
800,Эрнст,Крылова,iosifgrishin@example.com,Ж,1975-06-29,к. Новороссийка,2025-08-02
801,Ермолай,Лебедева,luka_2023@example.org,Ж,1987-06-30,к. Шелагонцы,2025-06-16
802,Аристарх,Лихачев,isidor13@example.org,М,1971-11-15,к. Новокузнецк,2025-09-16
803,Владимир,Анисимов,fade_2008@example.net,Ж,1972-11-30,г. Забайкальск,2024-08-10
804,Софрон,Гурьев,zahar36@example.com,Ж,2001-08-19,клх Льгов,2025-03-06
805,Гаврила,Селезнева,suhanovkazimir@example.org,Ж,1998-03-17,клх Березники,2025-07-05
806,Исидор,Кузнецов,spartak2005@example.org,М,1999-10-23,п. Октябрьское (Челяб.),2026-01-20
807,Милован,Андреев,artemevaskold@example.com,Ж,1972-01-07,д. Сковородино,2025-01-16
808,Бронислав,Исакова,nonna_2000@example.org,Ж,1996-04-03,клх Тверь,2024-08-09
809,Олимпиада,Игнатова,antonovmilovan@example.org,Ж,1970-01-27,к. Коломна,2024-09-06
810,Эмиль,Максимова,demid_27@example.net,Ж,1983-01-19,п. Калуга,2024-10-13
811,Аполлинарий,Мишина,nikifor05@example.org,Ж,1975-12-07,к. Нязепетровск,2026-06-18
812,Любовь,Русакова,stojan55@example.com,Ж,1996-01-26,к. Петухово,2026-02-22
813,Демьян,Ковалев,tarasovadarja@example.net,Ж,1988-12-21,к. Чебаркуль,2025-05-30
814,Порфирий,Вишняков,kallistrat96@example.net,М,1992-03-08,клх Красногорск (Моск.),2024-08-18
815,Павел,Антонова,ustinovarhip@example.net,М,2003-12-30,клх Калининград,2025-06-13
816,Руслан,Елисеев,evseevbudimir@example.org,Ж,2007-12-01,к. Шатура,2024-11-08
817,Изот,Тарасов,ljubomir_2006@example.net,М,1996-12-08,клх Сергиев Посад,2025-06-15
818,Порфирий,Сергеева,nazarfilippov@example.org,Ж,1980-01-15,п. Шахты,2026-05-28
819,Эмиль,Соловьева,ipatishchukin@example.net,М,1967-10-01,ст. Эльтон,2024-07-31
820,Савватий,Власов,milan_21@example.net,Ж,1982-08-31,ст. Каргополь,2025-03-19
821,Корнил,Королева,vadim1985@example.org,Ж,1972-11-12,г. Голицыно,2025-09-25
822,Алевтина,Королев,german2019@example.net,Ж,1980-10-23,ст. Соль-Илецк,2024-08-15
823,Трофим,Белозеров,zsergeev@example.com,Ж,1979-08-08,клх Славянск-на-Кубани,2024-08-05
824,Аркадий,Панова,savvalobanov@example.net,М,1977-05-13,ст. Горячинск,2024-11-20
825,Натан,Ковалева,borisovamaja@example.net,Ж,1969-12-06,п. Лысьва,2025-03-13
826,Лавр,Никонова,kuprijan_11@example.com,М,2001-08-09,г. Новый Оскол,2024-10-04
827,Серафим,Воронцов,volkovapelageja@example.com,М,1969-09-16,к. Зарайск,2025-03-24
828,Елена,Третьякова,provlukin@example.org,Ж,1974-12-23,д. Североморск,2025-02-19
829,Сильвестр,Авдеева,ladimir2012@example.com,М,1981-08-20,г. Ардон,2025-03-19
830,Екатерина,Громова,alarionova@example.com,Ж,1977-10-30,клх Арзамас,2026-05-29
831,Рюрик,Комаров,dementimaksimov@example.com,М,1967-08-19,д. Черняховск,2026-01-13
832,Вадим,Емельянов,naumovklavdi@example.net,Ж,1978-03-28,п. Сосьва (Хант.),2025-04-01
833,Евфросиния,Шаров,gorshkovavasilisa@example.org,М,1971-01-26,г. Оленек,2025-05-06
834,Любовь,Рыбаков,sigizmundgorbunov@example.org,М,1989-08-13,с. Шатки,2025-06-22
835,Кирилл,Шубина,kornilovanadezhda@example.net,Ж,1997-10-26,ст. Семлячики,2024-11-05
836,Вацлав,Рябова,molchanovgleb@example.com,М,1989-08-02,к. Шатки,2025-01-26
837,Варвара,Фомина,korolevandre@example.net,М,1974-10-29,с. Нижнекамск,2024-10-24
838,Алла,Голубев,nikita_25@example.org,Ж,1991-12-05,д. Тулпан,2026-04-29
839,Доброслав,Блинов,andron_1978@example.org,Ж,2001-08-29,г. Боровск,2024-07-25
840,Алевтина,Ершова,silinaalina@example.org,Ж,1981-08-12,к. Владимир,2026-02-10
841,Лаврентий,Наумова,krjukovkuprijan@example.com,Ж,1982-03-22,п. Балашов,2024-09-30
842,Борислав,Орлов,samolovmilen@example.org,М,1980-10-05,г. Ульяновск,2025-10-08
843,Моисей,Макарова,ovchinnikovvaleri@example.net,Ж,1970-09-13,ст. Белорецк,2024-12-20
844,Зоя,Доронин,borisovsidor@example.net,Ж,2002-10-04,г. Одинцово,2025-12-31
845,Евпраксия,Николаев,lazar_1994@example.org,Ж,1978-08-14,ст. Домодедово,2026-06-13
846,Андрон,Евсеев,naum1988@example.net,Ж,1993-05-16,г. Макушино,2025-06-08
847,Климент,Шашков,nosovroman@example.com,М,1987-07-14,с. Гудермес,2026-01-01
848,Лукия,Козлов,lavrentevmakar@example.org,М,2004-07-12,г. Домодедово,2026-03-02
849,Елена,Зиновьева,lebedevaanna@example.net,М,1968-08-15,д. Сосьва (Хант.),2025-02-12
850,Пахом,Селезнева,kuzminfoka@example.net,Ж,1972-05-12,ст. Приморско-Ахтарск,2025-03-26
851,Елизар,Гордеева,natalja31@example.org,М,1973-03-01,клх Игарка,2026-03-29
852,Майя,Брагин,kudrjavtsevaevpraksija@example.net,М,2000-04-29,г. Егорьевск,2025-06-20
853,Тихон,Куликов,david_97@example.org,Ж,1993-07-25,к. Семлячики,2025-08-19
854,Мина,Нестерова,egor_2014@example.org,М,1994-08-31,клх Яшалта,2024-07-09
855,Тит,Ситников,izmail_09@example.com,М,1978-12-22,к. Устюжна,2025-11-12
856,Майя,Сергеев,stojandjachkov@example.net,Ж,1985-01-27,с. Котлас,2026-04-24
857,Моисей,Воронцова,karl_1986@example.net,М,1966-08-17,ст. Калачинск,2024-09-11
858,Раиса,Крюков,simonzinovev@example.net,Ж,1997-12-31,к. Соликамск,2025-05-27
859,Елизар,Пахомов,viktorija2015@example.net,М,1980-06-30,с. Ульяновск,2024-12-29
860,Савва,Третьяков,stepanovamaja@example.net,М,2006-04-24,к. Домодедово,2026-03-20
861,Пров,Максимова,averjan_23@example.org,Ж,1976-03-14,г. Снежинск,2024-09-18
862,Наталья,Исаков,alla_17@example.net,М,1997-02-08,п. Инта,2026-05-28
863,Нонна,Евдокимов,vsemil2022@example.com,Ж,1998-08-09,д. Кострома,2025-01-18
864,Надежда,Одинцов,borisovselivan@example.org,Ж,1981-09-15,с. Кировск (Ленин.),2026-03-25
865,Савватий,Титова,epifan_2006@example.com,Ж,2008-02-14,п. Сальск,2025-09-24
866,Игнатий,Селиверстов,ljubosmisl11@example.net,Ж,1973-07-06,клх Радужный,2026-04-22
867,Лонгин,Ильин,dkudrjavtsev@example.org,М,1976-11-22,к. Черняховск,2025-07-04
868,Савва,Калинин,modestseliverstov@example.net,М,1982-10-08,п. Губкин,2026-07-05
869,Ираклий,Кононова,ikarpov@example.com,Ж,1989-06-06,г. Волгоград,2025-01-12
870,Радован,Мартынова,valentinefremov@example.org,М,1990-11-27,г. Лагань,2024-11-06
871,Фортунат,Соколов,antonovaverjan@example.com,М,1985-10-06,клх Дзержинск,2025-12-15
872,Флорентин,Корнилова,vsemil_18@example.net,М,1979-12-25,ст. Соль-Илецк,2024-07-19
873,Ананий,Молчанов,gosipov@example.net,М,1971-12-01,к. Жиганск,2025-11-11
874,Анна,Устинова,tihonovaolimpiada@example.com,Ж,2005-08-14,клх Амдерма,2026-05-24
875,Юрий,Максимова,osip64@example.org,М,1994-12-14,клх Карпинск,2025-07-24
876,Ерофей,Ситникова,kuzma40@example.com,Ж,1970-01-20,к. Бологое,2025-01-02
877,Мартьян,Медведев,januari2025@example.net,М,1970-09-10,д. Геленджик,2026-04-29
878,Никон,Прохоров,gorbunovaveronika@example.org,М,1974-12-13,п. Плес,2024-10-13
879,Наина,Евдокимова,sidor_2000@example.org,Ж,2005-07-06,ст. Нефедова,2025-10-19
880,Сидор,Чернова,samsonovpavel@example.net,Ж,2002-02-21,с. Фатеж,2024-09-01
881,Акулина,Лапина,ekaterina1996@example.org,Ж,2000-12-14,д. Златоуст,2025-08-14
882,Никифор,Захарова,alina_04@example.org,Ж,1988-02-29,ст. Карачаевск,2025-05-11
883,Исай,Устинов,selivan_1975@example.com,М,1986-11-04,п. Карачаевск,2025-05-12
884,Эдуард,Трофимова,timurmiheev@example.org,Ж,1985-06-02,клх Грозный,2026-03-04
885,Соломон,Маслова,shirjaevaalina@example.net,Ж,1988-01-29,ст. Валдай,2025-10-11
886,Мстислав,Устинов,platon25@example.org,М,1974-11-23,клх Кемерово,2026-03-06
887,Михей,Симонова,onufrikalashnikov@example.net,М,1976-09-27,ст. Балтийск,2024-08-27
888,Виктор,Щукин,agge2021@example.com,Ж,1970-06-16,д. Смирных,2025-12-12
889,Милица,Ильина,emeljan1998@example.net,Ж,1967-02-28,д. Воткинск,2024-07-21
890,Милий,Виноградов,pkomarov@example.net,Ж,2004-07-03,ст. Шарья,2024-07-24
891,Ярополк,Зиновьева,amos_1994@example.com,Ж,2000-09-05,ст. Балашов,2025-12-26
892,Эрнест,Елисеева,pavel1970@example.com,Ж,2003-12-26,ст. Благовещенск (Амур.),2026-02-25
893,Корнил,Рогова,parfen_90@example.org,Ж,1983-07-26,ст. Тулун,2024-08-07
894,Моисей,Моисеев,kolobovaverki@example.org,Ж,2003-12-20,д. Усть-Ордынский,2025-01-18
895,Мирослав,Якушева,gavrilovmarian@example.com,М,1979-01-12,к. Павловский Посад,2025-03-03
896,Юлия,Жуков,karpovspiridon@example.net,Ж,1968-11-22,п. Хасан,2025-09-15
897,Пров,Суханов,raisa_94@example.com,Ж,1981-09-11,д. Лесной (Сверд.),2025-11-06
898,Таисия,Гаврилова,agap82@example.com,М,1994-07-03,д. Кашхатау,2026-03-19
899,Демид,Горбачев,terentevaanastasija@example.com,М,1981-03-16,с. Камышин,2025-05-20
900,Ерофей,Тимофеева,mironovfoka@example.net,Ж,1998-01-29,с. Троицко-Печорск,2024-09-27
901,Иван,Некрасов,marina24@example.com,Ж,2006-09-03,г. Архангельск,2025-03-30
902,Тимур,Дорофеева,sharapovfeofan@example.net,Ж,1976-12-20,г. Норильск,2025-03-27
903,Сила,Ермакова,zhukovkonon@example.com,Ж,2000-03-25,д. Химки,2025-07-15
904,Болеслав,Овчинников,komarovavalentina@example.org,М,1982-06-12,д. Ижевск,2024-10-06
905,Милий,Зыков,galaktion_97@example.net,Ж,1985-08-11,к. Кировск (Мурм.),2025-12-27
906,Елена,Горшкова,kulakovaalevtina@example.com,Ж,1992-11-27,д. Орск,2025-10-17
907,Мартын,Пахомова,andre1996@example.org,М,1992-01-02,к. Шатой,2026-03-26
908,Гордей,Филиппов,lazarevavarvara@example.com,М,1984-04-03,п. Анапа,2024-10-16
909,Евгений,Селезнев,isakovanina@example.net,Ж,1985-03-16,к. Ершов,2024-08-05
910,Савватий,Давыдова,ekaterina2019@example.net,Ж,1980-11-23,к. Тула,2024-11-10
911,Сильвестр,Лазарев,arseni_36@example.net,М,1990-08-23,ст. Уссурийск,2024-12-06
912,Аркадий,Ершова,zaharovamarfa@example.com,Ж,1974-05-28,с. Златоуст,2025-11-12
913,Алла,Савельева,juri27@example.org,М,2003-06-16,ст. Шереметьево,2024-09-28
914,Ипполит,Федоров,fortunatkirillov@example.com,М,1975-07-26,клх Красновишерск,2025-08-20
915,Максим,Козлов,rzinovev@example.org,Ж,2005-12-10,к. Абинск,2025-01-30
916,Олимпиада,Мартынова,nikanor_21@example.org,М,2003-04-09,с. Саратов,2025-05-17
917,Клавдия,Ершова,vasilevdementi@example.org,М,1974-07-05,д. Шатура,2024-12-06
918,Данила,Белозеров,hristoforshirjaev@example.net,М,1997-08-13,п. Александров Гай,2025-02-19
919,Елисей,Макаров,maslovsevastjan@example.org,Ж,2004-05-05,ст. Старый Оскол,2024-11-19
920,Любовь,Лыткина,amvrosi38@example.net,Ж,1972-11-14,клх Кизилюрт,2025-05-07
921,Валерий,Михайлов,horehov@example.org,М,1967-08-14,с. Когалым,2024-08-11
922,Иосиф,Громов,maslovstanislav@example.org,Ж,1973-01-31,клх Красноуральск,2025-04-19
923,Марк,Герасимова,chernovaaleksandra@example.org,М,1974-06-15,д. Салават,2025-03-07
924,Евстигней,Яковлева,litkinmiron@example.com,М,1986-04-06,ст. Серов,2025-09-23
925,Евстигней,Шарова,aristarhemeljanov@example.net,Ж,1981-09-05,к. Азов (Рост.),2026-05-27
926,Матвей,Кулагин,konstantindementev@example.org,Ж,2007-09-17,клх Горячинск,2026-05-04
927,Назар,Меркушев,ermakovaemilija@example.net,Ж,1988-10-09,клх Видное,2025-11-12
928,Михаил,Михеева,vorobevpavel@example.net,М,2000-08-05,к. Чулым,2025-07-31
929,Владимир,Зимина,boleslav1979@example.com,М,1985-05-16,д. Красновишерск,2026-04-06
930,Сидор,Исаев,zatsevfilipp@example.net,М,1993-02-25,г. Мураши,2026-01-01
931,Порфирий,Осипова,radovan_03@example.com,Ж,1968-01-16,ст. Карабулак,2026-03-09
932,Севастьян,Попов,vadim_53@example.net,Ж,1969-04-28,ст. Абакан,2025-11-29
933,Ананий,Уваров,volkovgleb@example.org,М,1991-04-10,д. Амдерма,2025-03-07
934,Радим,Соловьев,oktjabrina1976@example.com,Ж,1984-08-27,ст. Энгельс,2026-01-06
935,Аристарх,Сергеева,agap_2007@example.com,Ж,2002-01-28,к. Моршанск,2026-03-13
936,Афиноген,Миронова,kirill_1987@example.net,Ж,1993-10-09,п. Луга,2025-04-01
937,Раиса,Герасимова,sorokinaevfrosinija@example.org,Ж,1998-12-26,ст. Владивосток,2026-02-13
938,Аггей,Горбунова,agap_50@example.com,М,1996-02-26,п. Калач,2026-03-07
939,Дорофей,Степанов,afanasevaklavdija@example.com,Ж,1978-12-15,п. Каменск-Шахтинский,2025-07-03
940,Адриан,Некрасова,georgi97@example.net,М,1994-03-25,с. Оренбург,2025-06-27
941,Арсений,Морозов,zhuravlevanonna@example.com,М,1989-03-19,клх Набережные Челны,2025-08-18
942,Наум,Меркушева,zinovevdavid@example.net,М,1995-08-15,с. Славянск-на-Кубани,2024-07-09
943,Онуфрий,Власов,yfomina@example.com,Ж,1983-06-23,клх Троицк (Челяб.),2025-02-20
944,Синклитикия,Семенов,aribakov@example.net,Ж,1997-08-06,клх Хатанга,2025-10-07
945,Нина,Кулаков,ofadeev@example.org,М,2005-02-02,ст. Калуга,2025-11-09
946,Любим,Архипов,zinaida1976@example.org,Ж,1971-10-09,д. Долинск,2024-10-15
947,Измаил,Матвеева,ladimirmjasnikov@example.net,М,1977-09-02,г. Углич,2024-11-18
948,Мечислав,Павлов,varlaam49@example.net,Ж,1969-12-18,д. Невельск,2026-06-27
949,Геннадий,Григорьева,ybirjukov@example.com,М,2008-05-25,с. Оренбург,2025-03-02
950,Светлана,Зуев,seliverstovmefodi@example.net,Ж,1971-05-20,клх Оха,2025-05-17
951,Василиса,Зуева,jkosheleva@example.net,Ж,1997-05-28,ст. Аргаяш,2024-07-22
952,Панкратий,Константинова,avde01@example.com,Ж,1987-12-05,д. Старая Русса,2024-11-11
953,Таисия,Брагин,kononovefrem@example.com,Ж,1975-04-15,г. Вилюйск,2025-12-26
954,Андрон,Елисеев,david_93@example.org,Ж,2000-05-15,к. Листвянка (Иркут.),2024-10-09
955,Владимир,Гурьев,cheslav2015@example.net,М,2006-12-21,п. Сарапул,2026-01-30
956,Агап,Назаров,kzhuravleva@example.net,М,2002-04-22,д. Хужир,2025-02-17
957,Спартак,Моисеев,solomon1987@example.net,Ж,1973-03-26,г. Печора,2026-03-09
958,Ульяна,Сысоева,pgerasimova@example.com,М,1982-11-01,к. Сергиев Посад,2025-03-24
959,Рубен,Михеева,fotinikolaev@example.org,Ж,2000-09-01,г. Муравленко,2025-10-24
960,Захар,Устинов,galaktion1995@example.com,М,2005-02-16,д. Усть-Ишим,2025-05-01
961,Потап,Михайлов,pimengushchin@example.net,М,1994-09-24,г. Амдерма,2024-09-13
962,Акулина,Жукова,jakov78@example.net,Ж,1988-10-09,клх Вытегра,2026-04-25
963,Ладимир,Лебедев,prohor94@example.org,Ж,1993-03-23,клх Беломорск,2025-03-24
964,Геннадий,Сидорова,ratmirmakarov@example.org,Ж,1996-12-14,д. Самара,2025-11-22
965,Корнил,Дроздов,vladimirovporfiri@example.org,М,1985-06-19,клх Снежногорск (Мурм.),2024-08-04
966,Милен,Суворова,ignati_54@example.org,М,1990-06-21,клх Пушкин,2025-04-11
967,Панкратий,Лобанова,nesterovonufri@example.net,М,2004-05-10,д. Тымовское,2026-01-21
968,Исай,Кириллова,zgavrilova@example.org,М,1983-04-13,г. Кызыл,2026-01-01
969,Амвросий,Павлова,iershova@example.com,Ж,1990-07-12,г. Темрюк,2025-12-02
970,Руслан,Абрамов,kulikovaolga@example.org,Ж,1993-12-14,к. Нижний Тагил,2026-04-26
971,Наталья,Сафонова,konon2008@example.org,М,1993-01-26,к. Тамбов,2025-07-10
972,Ксения,Муравьева,danila24@example.net,М,1999-01-29,п. Воткинск,2026-01-05
973,Станислав,Петухов,komarovfade@example.net,М,2006-09-07,д. Минусинск,2025-05-03
974,Гурий,Морозов,samuilafanasev@example.com,М,2004-02-13,д. Охотск,2026-01-19
975,Лидия,Логинов,miron_09@example.com,Ж,2000-09-19,п. Новомосковск,2025-03-21
976,Савелий,Федотова,ratmir_1984@example.org,Ж,2008-06-09,п. Лодейное Поле,2024-10-13
977,Наркис,Антонова,litkinlukjan@example.net,Ж,1985-02-26,к. Щелково,2026-05-30
978,Олимпиада,Рыбакова,sitnikovfedot@example.com,Ж,1986-10-09,клх Королев,2026-02-20
979,Феоктист,Князева,anna_39@example.com,М,1985-03-07,к. Мураши,2025-02-13
980,Никита,Гурьева,fedosi55@example.com,Ж,1967-11-16,д. Чокурдах,2026-02-16
981,Ратибор,Горбачева,mbogdanov@example.net,М,1996-04-28,г. Красноуфимск,2025-12-22
982,Порфирий,Ларионова,vorobevostromir@example.net,Ж,1985-03-22,п. Плес,2026-04-08
983,Мартын,Гришина,timofeevvladimir@example.org,Ж,1991-05-06,с. Балашов,2025-03-20
984,Людмила,Егоров,baranovanonna@example.net,Ж,2001-08-22,с. Шамары,2024-08-07
985,Михей,Давыдов,sofon_14@example.com,М,1993-09-08,к. Коломна,2024-07-28
986,Василиса,Жуков,vasili_1983@example.net,Ж,1990-06-18,клх Кизилюрт,2025-11-19
987,Афанасий,Соловьев,antonina2011@example.net,М,1979-06-20,г. Тарко-Сале,2024-11-01
988,Бронислав,Коновалов,klavdi_87@example.net,Ж,1991-07-28,с. Курган,2025-07-25
989,Климент,Наумов,lazarevlongin@example.net,Ж,1995-02-12,к. Шумиха,2025-01-08
990,Елисей,Лукина,andreevsidor@example.net,М,1974-06-25,ст. Славгород,2026-05-22
991,Пахом,Федотова,emeljanovaevgenija@example.org,Ж,1971-12-09,п. Дивногорск,2024-08-26
992,Кондратий,Вишняков,ojakushev@example.org,М,1968-03-27,д. Елатьма,2025-07-21
993,Сила,Рожкова,martjan_2026@example.net,Ж,1977-07-03,клх Смоленск,2025-10-12
994,Ким,Соколов,sinklitikija_1976@example.net,Ж,1976-06-06,ст. Кизилюрт,2025-07-20
995,Нинель,Константинов,fade_91@example.net,М,1999-08-16,г. Соловки,2024-10-08
996,Кузьма,Борисова,bobilevosip@example.org,Ж,1995-12-16,с. Нарым,2025-03-24
997,Евдокия,Константинова,ereme2003@example.org,Ж,1971-04-28,с. Кузнецк,2024-12-12
998,Мокей,Суханова,vishnjakovgerman@example.org,М,2002-08-13,с. Терскол,2026-01-31
999,Сила,Борисов,gordeevalarisa@example.org,М,1968-04-01,клх Оренбург,2024-07-08
1000,Ратмир,Субботин,czatsev@example.net,Ж,1990-05-11,к. Октябрьское (Хант.),2025-09-27
